,DEF_TEAM,YEAR,WEEK,SCORE_OPP,PASSING_CMP,PASSING_ATT,PASSING_YDS,PASSING_TD,PASSING_INT,PASSING_SK,PASSING_Y_A,PASSING_NY_A,PASSING_CMP_PCT,PASSING_RATE,RUSHING_ATT,RUSHING_YDS,RUSHING_Y_A,RUSHING_TD
0,CAR,2022,1.0,26,18,34,138,1,0,1,4.3,3.9,52.9,72.9,39,217,5.6,1
1,CAR,2022,2.0,19,22,34,162,1,0,3,5.2,4.4,64.7,85.7,33,103,3.1,0
2,CAR,2022,3.0,14,25,41,342,1,2,1,8.6,8.1,61.0,75.5,22,84,3.8,1
3,CAR,2022,4.0,26,23,32,206,2,1,1,6.5,6.2,71.9,96.6,37,132,3.6,1
4,CAR,2022,5.0,37,18,30,244,2,0,2,8.4,7.6,60.0,108.2,29,153,5.3,2
5,CAR,2022,6.0,24,26,33,249,1,1,1,7.7,7.3,78.8,95.6,29,111,3.8,2
6,CAR,2022,7.0,3,32,49,276,0,0,1,5.9,5.5,65.3,80.0,16,46,2.9,0
7,CAR,2022,8.0,37,20,28,239,3,2,2,9.0,8.0,71.4,103.1,37,167,4.5,0
8,CAR,2022,9.0,42,25,31,223,1,0,2,7.4,6.8,80.6,107.4,39,241,6.2,5
9,CAR,2022,10.0,15,19,30,153,2,1,5,6.2,4.4,63.3,84.4,25,138,5.5,0
10,CAR,2022,11.0,13,24,33,193,0,1,3,6.3,5.4,72.7,74.4,30,115,3.8,1
11,CAR,2022,12.0,10,19,35,125,1,0,3,4.1,3.3,54.3,71.7,19,121,6.4,0
12,CAR,2022,14.0,24,21,36,241,3,2,3,7.3,6.2,58.3,83.2,14,46,3.3,0
13,CAR,2022,15.0,24,17,22,169,0,0,1,8.1,7.3,77.3,98.5,45,156,3.5,3
14,CAR,2022,16.0,23,25,42,336,3,0,2,8.5,7.6,59.5,108.8,17,45,2.6,0
15,CAR,2022,17.0,30,34,45,411,3,0,3,9.6,8.6,75.6,125.3,25,67,2.7,1
16,CAR,2022,18.0,7,15,25,161,1,0,1,6.8,6.2,60.0,92.2,32,143,4.5,0
0,SFO,2022,1.0,19,8,17,105,2,1,2,7.1,5.5,47.1,81.7,37,99,2.7,1
1,SFO,2022,2.0,7,24,31,180,0,2,2,6.4,5.5,77.4,63.9,14,36,2.6,0
2,SFO,2022,3.0,11,20,33,160,0,0,4,5.6,4.3,60.6,72.8,33,101,3.1,1
3,SFO,2022,4.0,9,32,48,200,0,1,7,5.3,3.6,66.7,66.3,18,57,3.2,0
4,SFO,2022,5.0,15,25,42,244,0,1,6,6.5,5.1,59.5,66.0,17,64,3.8,1
5,SFO,2022,6.0,28,13,14,121,2,0,2,9.2,7.6,92.9,142.3,40,168,4.2,1
6,SFO,2022,7.0,44,25,36,417,3,1,1,11.8,11.3,69.4,124.4,21,112,5.3,3
7,SFO,2022,8.0,14,22,33,167,1,0,2,5.7,4.8,66.7,88.8,21,56,2.7,1
8,SFO,2022,10.0,16,21,37,187,1,1,3,5.3,4.7,56.8,68.2,16,51,3.2,0
9,SFO,2022,11.0,10,30,44,247,0,2,3,6.3,5.3,68.2,63.4,24,67,2.8,1
10,SFO,2022,12.0,0,18,30,197,0,0,1,6.8,6.4,60.0,79.4,22,63,2.9,0
11,SFO,2022,13.0,17,18,34,275,2,3,3,8.7,7.4,52.9,62.7,8,33,4.1,0
12,SFO,2022,14.0,7,34,55,253,1,2,0,4.6,4.6,61.8,63.7,19,69,3.6,0
13,SFO,2022,15.0,13,31,44,207,1,0,3,5.4,4.4,70.5,88.0,14,70,5.0,0
14,SFO,2022,16.0,20,25,34,270,3,1,2,8.5,7.5,73.5,113.6,33,79,2.4,0
15,SFO,2022,17.0,34,23,34,365,3,2,0,10.7,10.7,67.6,108.1,32,135,4.2,1
16,SFO,2022,18.0,13,20,27,194,1,3,3,7.7,6.5,74.1,66.5,20,61,3.1,1
0,DAL,2022,1.0,19,18,27,195,1,1,2,7.9,6.7,66.7,84.6,33,152,4.6,0
1,DAL,2022,2.0,17,24,36,165,1,0,6,5.5,3.9,66.7,86.0,25,89,3.6,0
2,DAL,2022,3.0,16,20,37,169,0,1,5,5.3,4.0,54.1,54.9,25,167,6.7,1
3,DAL,2022,4.0,10,25,42,155,1,2,2,4.0,3.5,59.5,55.2,27,142,5.3,0
4,DAL,2022,5.0,10,29,44,285,1,1,5,7.3,5.8,65.9,82.1,15,38,2.5,0
5,DAL,2022,6.0,26,15,25,132,2,0,4,6.2,4.6,60.0,100.7,39,136,3.5,1
6,DAL,2022,7.0,6,21,26,195,0,2,5,8.8,6.3,80.8,65.9,25,117,4.7,0
7,DAL,2022,8.0,29,18,24,131,2,0,4,6.5,4.7,75.0,115.1,43,240,5.6,2
8,DAL,2022,10.0,31,14,20,208,3,0,2,11.2,9.5,70.0,143.3,39,207,5.3,1
9,DAL,2022,11.0,3,17,30,110,0,0,7,5.3,3.0,56.7,64.6,17,73,4.3,0
10,DAL,2022,12.0,20,21,35,210,1,0,3,6.5,5.5,60.0,86.6,21,90,4.3,1
11,DAL,2022,13.0,19,21,37,203,2,3,3,6.3,5.1,56.8,56.5,30,106,3.5,0
12,DAL,2022,14.0,23,20,27,213,1,1,0,7.9,7.9,74.1,93.6,37,114,3.1,1
13,DAL,2022,15.0,40,27,42,311,4,1,1,7.6,7.2,64.3,108.3,27,192,7.1,0
14,DAL,2022,16.0,34,24,40,355,2,2,0,8.9,8.9,60.0,84.9,29,87,3.0,1
15,DAL,2022,17.0,13,20,39,220,1,1,2,5.9,5.4,51.3,66.2,24,97,4.0,0
16,DAL,2022,18.0,26,11,19,158,1,1,3,8.9,7.2,57.9,80.6,41,151,3.7,1
0,BUF,2022,1.0,10,29,41,191,1,3,7,5.9,4.0,70.7,58.1,18,52,2.9,0
1,BUF,2022,2.0,7,12,24,107,0,2,2,5.1,4.1,50.0,27.6,27,80,3.0,1
2,BUF,2022,3.0,21,13,20,171,1,0,2,9.3,7.8,65.0,108.5,17,41,2.4,2
3,BUF,2022,4.0,20,20,29,134,1,2,2,5.0,4.3,69.0,61.6,33,162,4.9,1
4,BUF,2022,5.0,3,34,52,310,0,1,3,6.3,5.6,65.4,73.4,17,54,3.2,0
5,BUF,2022,6.0,20,25,40,319,2,2,3,8.5,7.4,62.5,83.2,18,68,3.8,0
6,BUF,2022,8.0,17,19,30,190,2,1,2,6.8,5.9,63.3,89.6,31,208,6.7,0
7,BUF,2022,9.0,20,18,25,136,1,0,2,6.2,5.0,72.0,98.1,34,174,5.1,1
8,BUF,2022,10.0,33,30,50,334,1,2,4,7.1,6.2,60.0,69.9,25,147,5.9,2
9,BUF,2022,11.0,23,28,41,316,3,0,1,7.9,7.5,68.3,115.5,26,80,3.1,0
10,BUF,2022,12.0,25,23,37,230,2,0,2,6.5,5.9,62.2,97.8,28,96,3.4,1
11,BUF,2022,13.0,10,22,36,182,1,0,1,5.4,4.9,61.1,83.3,14,60,4.3,0
12,BUF,2022,14.0,12,28,47,233,0,0,4,5.7,4.6,59.6,72.4,22,76,3.5,1
13,BUF,2022,15.0,29,17,30,217,2,0,2,7.8,6.8,56.7,101.7,25,188,7.5,1
14,BUF,2022,16.0,13,18,28,129,1,1,2,5.1,4.3,64.3,71.9,29,80,2.8,0
15,BUF,2022,18.0,23,26,40,234,3,3,1,6.1,5.7,65.0,74.4,23,107,4.7,0
0,KAN,2022,1.0,21,24,38,179,2,0,3,5.4,4.4,63.2,91.9,22,103,4.7,1
1,KAN,2022,2.0,24,33,48,326,3,1,2,7.0,6.5,68.8,99.8,24,75,3.1,0
2,KAN,2022,3.0,20,27,37,177,2,0,5,6.0,4.2,73.0,100.8,27,82,3.0,0
3,KAN,2022,4.0,31,39,52,373,3,0,1,7.4,7.0,75.0,113.7,6,3,0.5,1
4,KAN,2022,5.0,29,19,30,223,2,0,2,8.0,7.0,63.3,108.1,24,155,6.5,1
5,KAN,2022,6.0,24,27,40,318,3,0,1,8.2,7.8,67.5,116.5,31,125,4.0,0
6,KAN,2022,7.0,23,29,46,343,2,2,5,8.0,6.7,63.0,82.1,21,101,4.8,0
7,KAN,2022,9.0,17,5,16,57,0,0,3,5.0,3.0,31.3,43.0,29,172,5.9,2
8,KAN,2022,10.0,17,29,40,240,2,0,5,6.5,5.3,72.5,104.2,16,75,4.7,0
9,KAN,2022,11.0,27,23,30,250,2,1,5,9.3,7.1,76.7,109.0,30,115,3.8,1
10,KAN,2022,12.0,10,14,24,82,1,2,3,4.4,3.0,58.3,44.1,28,116,4.1,0
11,KAN,2022,13.0,27,25,31,279,2,0,1,9.2,8.7,80.6,125.7,34,152,4.5,1
12,KAN,2022,14.0,28,27,44,214,4,2,6,6.0,4.3,61.4,84.8,19,106,5.6,0
13,KAN,2022,15.0,24,14,29,125,2,0,1,4.4,4.2,48.3,83.3,28,94,3.4,1
14,KAN,2022,16.0,10,25,40,200,1,1,2,5.4,4.8,62.5,72.9,31,133,4.3,0
15,KAN,2022,17.0,24,26,38,190,1,1,4,5.8,4.5,68.4,77.7,24,117,4.9,2
16,KAN,2022,18.0,13,22,36,180,1,1,6,6.1,4.3,61.1,71.5,25,99,4.0,0
0,MIA,2022,1.0,7,21,30,193,1,1,2,7.1,6.0,70.0,84.4,22,78,3.5,0
1,MIA,2022,2.0,38,21,29,318,3,0,0,11.0,11.0,72.4,142.6,25,155,6.2,1
2,MIA,2022,3.0,19,42,63,382,2,0,4,6.3,5.7,66.7,93.5,23,115,5.0,0
3,MIA,2022,4.0,27,21,32,304,2,0,1,9.7,9.2,65.6,117.2,30,67,2.2,1
4,MIA,2022,5.0,40,14,21,187,0,0,2,10.0,8.1,66.7,94.7,33,135,4.1,5
5,MIA,2022,6.0,24,20,30,156,2,0,3,5.8,4.7,66.7,101.5,17,78,4.6,1
6,MIA,2022,7.0,10,32,44,246,1,3,2,5.8,5.3,72.7,65.2,23,95,4.1,0
7,MIA,2022,8.0,27,27,37,311,1,0,1,8.7,8.2,73.0,106.9,19,82,4.3,2
8,MIA,2022,9.0,32,17,28,116,3,0,2,4.4,3.9,60.7,105.7,40,252,6.3,1
9,MIA,2022,10.0,17,22,35,185,1,0,3,6.1,4.9,62.9,86.0,24,112,4.7,1
10,MIA,2022,12.0,15,26,39,174,1,2,5,5.5,4.0,66.7,63.4,14,36,2.6,1
11,MIA,2022,13.0,33,27,41,230,2,1,4,6.5,5.1,65.9,86.4,34,121,3.6,0
12,MIA,2022,14.0,23,39,51,350,1,0,4,7.2,6.4,76.5,100.9,23,82,3.6,1
13,MIA,2022,15.0,32,25,40,296,4,0,2,7.6,7.0,62.5,118.3,29,150,5.2,0
14,MIA,2022,16.0,26,24,38,222,1,1,2,6.3,5.6,63.2,76.9,25,79,3.2,1
15,MIA,2022,17.0,23,20,33,173,2,0,3,6.2,4.8,60.6,94.6,21,76,3.6,0
16,MIA,2022,18.0,6,18,33,149,0,0,0,4.5,4.5,54.5,66.4,20,38,1.9,0
0,PHI,2022,1.0,35,21,37,205,2,1,1,5.8,5.4,56.8,79.2,28,181,6.5,3
1,PHI,2022,2.0,7,27,46,202,1,3,2,4.8,4.2,58.7,49.4,11,62,5.6,0
2,PHI,2022,3.0,8,25,43,153,0,0,9,4.9,2.9,58.1,65.4,22,87,4.0,1
3,PHI,2022,4.0,21,11,23,148,2,1,4,7.6,5.5,47.8,79.6,19,71,3.7,0
4,PHI,2022,5.0,17,28,42,239,1,1,1,6.0,5.6,66.7,79.4,26,124,4.8,1
5,PHI,2022,6.0,17,18,38,181,1,3,0,4.8,4.8,47.4,37.3,26,134,5.2,1
6,PHI,2022,8.0,13,27,40,158,1,1,6,4.9,3.4,67.5,72.7,24,144,6.0,0
7,PHI,2022,9.0,17,13,22,135,2,2,3,7.0,5.4,59.1,69.3,32,168,5.3,0
8,PHI,2022,10.0,32,17,29,178,0,1,3,7.3,5.6,58.6,62.1,49,152,3.1,2
9,PHI,2022,11.0,16,23,32,185,0,0,4,6.7,5.1,71.9,86.1,26,99,3.8,1
10,PHI,2022,12.0,33,17,25,236,3,2,3,10.1,8.4,68.0,104.3,21,106,5.0,1
11,PHI,2022,13.0,10,16,26,122,1,0,6,6.0,3.8,61.5,85.7,21,87,4.1,0
12,PHI,2022,14.0,22,23,32,181,2,0,7,6.8,4.6,71.9,106.4,24,123,5.1,1
13,PHI,2022,15.0,20,14,22,91,2,0,6,6.9,3.3,63.6,102.7,30,157,5.2,1
14,PHI,2022,16.0,40,27,35,304,3,1,6,9.9,7.4,77.1,119.2,31,115,3.7,1
15,PHI,2022,17.0,20,20,24,184,0,1,7,9.5,5.9,83.3,81.3,35,129,3.7,1
16,PHI,2022,18.0,16,23,40,155,1,0,2,4.2,3.7,57.5,74.5,21,129,6.1,1
0,DET,2022,1.0,38,18,32,239,0,0,1,7.6,7.2,56.3,80.1,39,216,5.5,4
1,DET,2022,2.0,27,30,46,308,3,1,5,7.3,6.0,65.2,97.0,21,88,4.2,1
2,DET,2022,3.0,28,24,41,250,2,0,1,6.3,6.0,58.5,92.5,25,123,4.9,2
3,DET,2022,4.0,48,23,30,320,2,0,0,10.7,10.7,76.7,132.6,33,235,7.1,3
4,DET,2022,5.0,29,17,21,188,1,1,0,9.0,9.0,81.0,100.0,35,176,5.0,0
5,DET,2022,7.0,24,19,25,191,1,0,2,8.3,7.1,76.0,110.6,32,139,4.3,2
6,DET,2022,8.0,31,29,36,369,3,0,2,10.6,9.7,80.6,137.2,26,107,4.1,1
7,DET,2022,9.0,9,23,43,283,1,3,1,6.8,6.4,53.5,52.8,25,106,4.2,0
8,DET,2022,10.0,30,12,20,150,2,1,3,8.4,6.5,60.0,95.8,35,258,7.4,2
9,DET,2022,11.0,18,27,44,324,1,2,2,7.8,7.0,61.4,72.5,26,89,3.4,2
10,DET,2022,12.0,28,24,42,237,2,1,3,6.0,5.3,57.1,79.2,29,164,5.7,1
11,DET,2022,13.0,14,19,34,171,1,0,2,5.4,4.8,55.9,79.4,19,95,5.0,0
12,DET,2022,14.0,23,31,41,394,2,0,4,10.4,8.8,75.6,121.4,17,22,1.3,1
13,DET,2022,15.0,17,18,35,287,2,1,4,9.1,7.4,51.4,86.3,22,50,2.3,0
14,DET,2022,16.0,37,15,22,250,1,0,0,11.4,11.4,68.2,121.4,43,320,7.4,3
15,DET,2022,17.0,10,7,21,30,1,1,7,3.6,1.1,33.3,38.4,22,200,9.1,0
16,DET,2022,18.0,16,17,27,188,1,1,2,7.6,6.5,63.0,80.5,28,103,3.7,0
0,TAM,2022,1.0,3,21,42,173,0,1,4,4.7,3.8,50.0,51.0,18,71,3.9,0
1,TAM,2022,2.0,10,25,40,208,1,3,6,5.9,4.5,62.5,52.9,20,100,5.0,0
2,TAM,2022,3.0,14,27,35,248,2,1,1,7.3,6.9,77.1,103.0,25,67,2.7,0
3,TAM,2022,4.0,41,23,37,228,3,1,3,6.7,5.7,62.2,95.3,37,189,5.1,2
4,TAM,2022,5.0,15,14,25,110,1,0,5,5.9,3.7,56.0,80.4,31,151,4.9,1
5,TAM,2022,6.0,20,20,30,193,2,0,2,7.0,6.0,66.7,106.7,29,77,2.7,0
6,TAM,2022,7.0,21,16,22,170,2,0,1,8.0,7.4,72.7,125.2,27,173,6.4,1
7,TAM,2022,8.0,27,27,38,222,2,0,3,6.3,5.4,71.1,103.2,33,231,7.0,1
8,TAM,2022,9.0,13,13,27,138,1,0,4,6.1,4.5,48.1,75.8,24,68,2.8,0
9,TAM,2022,10.0,16,23,33,244,2,0,3,8.3,6.8,69.7,111.2,14,39,2.8,0
10,TAM,2022,12.0,23,23,37,178,1,1,4,5.7,4.3,62.2,71.7,34,189,5.6,2
11,TAM,2022,13.0,16,21,29,232,1,0,2,8.6,7.5,72.4,107.3,25,66,2.6,0
12,TAM,2022,14.0,35,17,23,195,2,0,0,8.5,8.5,73.9,128.0,36,209,5.8,3
13,TAM,2022,15.0,34,27,39,184,4,1,2,5.1,4.5,69.2,102.9,21,53,2.5,0
14,TAM,2022,16.0,16,25,46,204,0,1,1,4.8,4.3,54.3,56.8,27,121,4.5,1
15,TAM,2022,17.0,24,23,37,326,3,1,2,9.2,8.4,62.2,106.4,22,74,3.4,0
16,TAM,2022,18.0,30,19,30,208,2,0,2,7.5,6.5,63.3,106.0,35,174,5.0,1
0,RAV,2022,1.0,9,37,59,297,1,1,3,5.2,4.8,62.7,73.9,17,83,4.9,0
1,RAV,2022,2.0,42,36,50,461,6,2,1,9.4,9.0,72.0,123.4,18,86,4.8,0
2,RAV,2022,3.0,26,22,32,302,0,3,3,10.0,8.6,68.8,59.6,28,145,5.2,3
3,RAV,2022,4.0,23,19,36,201,1,1,1,5.9,5.4,52.8,67.0,25,125,5.0,1
4,RAV,2022,5.0,17,24,35,190,1,1,3,6.2,5.0,68.6,79.5,21,101,4.8,1
5,RAV,2022,6.0,24,19,27,155,2,0,4,6.4,5.0,70.4,109.3,31,83,2.7,1
6,RAV,2022,7.0,20,22,27,223,0,0,5,9.6,7.0,81.5,101.1,24,113,4.7,2
7,RAV,2022,8.0,22,26,44,305,1,0,3,7.4,6.5,59.1,87.8,15,44,2.9,1
8,RAV,2022,9.0,13,20,30,195,1,1,4,7.4,5.7,66.7,81.9,15,48,3.2,0
9,RAV,2022,11.0,3,21,33,169,0,2,4,5.9,4.6,63.6,51.2,17,36,2.1,0
10,RAV,2022,12.0,28,29,37,294,3,0,4,8.7,7.2,78.4,126.8,20,38,1.9,0
11,RAV,2022,13.0,9,17,22,184,0,0,2,8.6,7.7,77.3,101.3,28,88,3.1,0
12,RAV,2022,14.0,14,22,31,264,1,3,2,8.9,8.0,71.0,67.9,20,65,3.3,1
13,RAV,2022,15.0,13,18,28,140,1,0,3,5.8,4.5,64.3,88.4,33,143,4.3,0
14,RAV,2022,16.0,9,22,33,212,0,0,2,6.6,6.1,66.7,84.4,33,115,3.5,0
15,RAV,2022,17.0,16,15,27,153,1,0,2,6.2,5.3,55.6,84.3,41,198,4.8,0
16,RAV,2022,18.0,27,25,42,202,1,0,2,5.1,4.6,59.5,79.7,20,55,2.8,1
0,JAX,2022,1.0,28,27,41,305,4,2,1,7.6,7.3,65.9,100.2,28,85,3.0,0
1,JAX,2022,2.0,0,16,30,164,0,3,5,6.5,4.7,53.3,29.7,13,54,4.2,0
2,JAX,2022,3.0,10,25,45,286,1,1,1,6.6,6.2,55.6,73.0,12,26,2.2,0
3,JAX,2022,4.0,29,16,25,191,0,1,2,8.2,7.1,64.0,70.6,50,210,4.2,4
4,JAX,2022,5.0,13,16,24,132,0,0,1,5.8,5.3,66.7,80.6,31,116,3.7,1
5,JAX,2022,6.0,34,42,58,389,3,0,0,6.7,6.7,72.4,107.6,16,45,2.8,1
6,JAX,2022,7.0,23,19,30,200,1,0,1,6.7,6.5,63.3,93.7,39,236,6.1,1
7,JAX,2022,8.0,21,18,30,230,1,1,3,8.4,7.0,60.0,81.3,28,101,3.6,2
8,JAX,2022,9.0,20,21,36,248,2,0,2,7.2,6.5,58.3,97.9,19,73,3.8,0
9,JAX,2022,10.0,27,26,35,331,4,1,0,9.5,9.5,74.3,129.6,27,155,5.7,0
10,JAX,2022,12.0,27,16,32,253,1,0,1,7.9,7.7,50.0,87.1,35,162,4.6,1
11,JAX,2022,13.0,40,31,41,337,2,0,2,8.3,7.8,75.6,115.6,31,100,3.2,2
12,JAX,2022,14.0,22,25,38,227,2,1,4,6.7,5.4,65.8,88.4,20,137,6.9,1
13,JAX,2022,15.0,34,23,30,243,3,2,3,8.5,7.4,76.7,105.3,41,154,3.8,1
14,JAX,2022,16.0,3,19,33,161,0,1,3,5.5,4.5,57.6,57.8,20,66,3.3,0
15,JAX,2022,17.0,3,25,44,193,0,0,2,4.8,4.2,56.8,67.7,21,84,4.0,0
16,JAX,2022,18.0,16,20,29,165,1,1,4,6.2,5.0,69.0,80.4,39,147,3.8,0
0,RAM,2022,1.0,31,26,31,292,3,2,2,9.6,8.8,83.9,111.3,25,121,4.8,1
1,RAM,2022,2.0,27,17,26,171,2,2,3,7.5,5.9,65.4,77.6,27,90,3.3,0
2,RAM,2022,3.0,12,37,58,295,0,0,2,5.4,4.9,63.8,76.4,21,70,3.3,0
3,RAM,2022,4.0,24,16,27,239,1,0,0,8.9,8.9,59.3,100.7,22,88,4.0,1
4,RAM,2022,5.0,22,10,16,76,0,0,3,6.4,4.0,62.5,74.0,34,163,4.8,1
5,RAM,2022,6.0,10,13,21,110,0,1,2,5.7,4.8,61.9,55.7,21,93,4.4,0
6,RAM,2022,8.0,31,22,26,257,3,0,3,10.3,8.9,84.6,146.3,23,111,4.8,1
7,RAM,2022,9.0,16,36,58,272,1,0,1,4.8,4.6,62.1,79.1,20,51,2.6,0
8,RAM,2022,10.0,27,26,37,220,1,0,2,6.4,5.6,70.3,94.4,26,78,3.0,2
9,RAM,2022,11.0,27,22,28,235,3,0,4,9.8,7.3,78.6,137.4,24,88,3.7,0
10,RAM,2022,12.0,26,27,42,320,1,1,0,7.6,7.6,64.3,85.4,30,117,3.9,1
11,RAM,2022,13.0,27,28,39,348,3,1,4,9.4,8.1,71.8,114.0,22,90,4.1,0
12,RAM,2022,14.0,16,11,20,137,0,2,0,6.9,6.9,55.0,36.9,38,165,4.3,1
13,RAM,2022,15.0,24,22,30,207,1,1,3,7.6,6.3,73.3,89.2,35,138,3.9,2
14,RAM,2022,16.0,14,19,35,219,1,4,6,7.4,5.3,54.3,43.3,20,104,5.2,0
15,RAM,2022,17.0,31,24,31,239,2,0,0,7.7,7.7,77.4,120.2,31,192,6.2,2
16,RAM,2022,18.0,19,19,31,205,1,2,3,6.9,6.0,61.3,64.6,36,197,5.5,0
0,CHI,2022,1.0,10,13,28,155,0,1,2,5.9,5.2,46.4,49.0,37,176,4.8,1
1,CHI,2022,2.0,27,19,25,211,2,0,3,9.4,7.5,76.0,127.2,38,203,5.3,1
2,CHI,2022,3.0,20,20,32,237,1,2,1,7.7,7.2,62.5,69.4,24,92,3.8,1
3,CHI,2022,4.0,20,9,16,71,0,1,1,5.1,4.2,56.3,41.4,44,262,6.0,2
4,CHI,2022,5.0,29,33,42,312,1,1,1,7.6,7.3,78.6,95.6,31,117,3.8,3
5,CHI,2022,6.0,12,12,22,86,0,0,3,4.5,3.4,54.5,63.8,28,128,4.6,1
6,CHI,2022,7.0,14,17,28,190,1,3,1,7.1,6.6,60.7,53.3,19,70,3.7,1
7,CHI,2022,8.0,49,21,27,242,2,1,1,9.3,8.6,77.8,113.3,29,200,6.9,4
8,CHI,2022,9.0,35,21,30,302,3,0,0,10.1,10.1,70.0,135.7,23,77,3.3,1
9,CHI,2022,10.0,31,19,26,228,1,0,2,9.1,8.1,73.1,112.3,31,95,3.1,2
10,CHI,2022,11.0,27,13,20,131,1,0,0,6.6,6.6,65.0,100.2,33,149,4.5,1
11,CHI,2022,12.0,31,22,29,308,3,0,1,10.9,10.3,75.9,144.0,32,158,4.9,1
12,CHI,2022,13.0,28,18,31,182,1,0,0,5.9,5.9,58.1,85.7,32,175,5.5,2
13,CHI,2022,15.0,25,22,37,309,0,2,1,8.5,8.1,59.5,63.9,33,112,3.4,3
14,CHI,2022,16.0,35,15,26,172,2,2,1,6.6,6.4,57.7,71.3,31,254,8.2,3
15,CHI,2022,17.0,41,21,29,239,3,0,2,8.8,7.7,72.4,131.2,39,265,6.8,2
16,CHI,2022,18.0,29,28,33,341,1,1,0,10.3,10.3,84.8,107.2,38,141,3.7,2
0,OTI,2022,1.0,21,17,21,156,2,1,5,9.0,6.0,81.0,109.5,32,238,7.4,1
1,OTI,2022,2.0,41,26,40,313,4,0,1,7.9,7.6,65.0,122.2,24,101,4.2,0
2,OTI,2022,3.0,22,27,45,300,2,1,1,6.8,6.5,60.0,85.4,19,96,5.1,0
3,OTI,2022,4.0,17,27,37,327,2,1,3,9.6,8.2,73.0,106.5,23,38,1.7,0
4,OTI,2022,5.0,17,25,38,342,2,1,3,9.4,8.3,65.8,101.0,17,43,2.5,0
5,OTI,2022,7.0,10,33,44,227,1,2,3,5.5,4.8,75.0,74.7,17,65,3.8,0
6,OTI,2022,8.0,10,17,30,118,1,1,3,5.1,3.6,56.7,62.9,18,43,2.4,0
7,OTI,2022,9.0,20,43,68,422,1,1,4,6.6,5.9,63.2,79.4,19,77,4.1,1
8,OTI,2022,10.0,10,21,42,248,1,1,6,6.8,5.2,50.0,66.4,25,65,2.6,0
9,OTI,2022,11.0,17,24,39,215,2,0,1,5.8,5.4,61.5,93.4,19,56,2.9,0
10,OTI,2022,12.0,20,22,37,266,1,0,1,7.3,7.0,59.5,90.6,28,108,3.9,1
11,OTI,2022,13.0,35,30,41,386,3,0,2,9.5,9.0,73.2,126.7,24,67,2.8,2
12,OTI,2022,14.0,36,30,42,368,3,0,0,8.8,8.8,71.4,121.9,25,60,2.4,1
13,OTI,2022,15.0,17,28,42,291,0,2,3,7.5,6.5,66.7,66.7,24,74,3.1,2
14,OTI,2022,16.0,19,20,32,215,1,1,1,6.8,6.5,62.5,79.6,30,70,2.3,0
15,OTI,2022,17.0,27,29,41,274,2,2,1,6.9,6.5,70.7,84.8,32,87,2.7,1
16,OTI,2022,18.0,20,20,32,203,1,0,1,6.6,6.2,62.5,91.0,14,19,1.4,0
0,CIN,2022,1.0,23,21,38,192,1,0,1,5.1,4.9,55.3,78.0,22,75,3.4,0
1,CIN,2022,2.0,20,19,31,230,1,0,1,7.6,7.2,61.3,94.8,27,107,4.0,1
2,CIN,2022,3.0,12,28,52,252,0,2,4,5.5,4.5,53.8,51.1,20,76,3.8,0
3,CIN,2022,4.0,15,22,37,293,1,2,1,8.2,7.7,59.5,71.1,22,85,3.9,0
4,CIN,2022,5.0,19,19,32,170,1,1,1,5.4,5.2,59.4,71.1,28,155,5.5,0
5,CIN,2022,6.0,26,19,36,171,1,0,1,4.9,4.6,52.8,75.1,34,228,6.7,1
6,CIN,2022,7.0,17,8,13,107,1,0,3,9.5,6.7,61.5,113.3,29,107,3.7,1
7,CIN,2022,8.0,32,17,23,268,1,1,2,12.1,10.7,73.9,108.6,44,172,3.9,3
8,CIN,2022,9.0,21,17,30,164,2,2,0,5.5,5.5,56.7,66.5,18,64,3.6,1
9,CIN,2022,11.0,30,25,42,249,1,0,2,6.3,5.7,59.5,84.3,24,102,4.3,2
10,CIN,2022,12.0,16,22,34,281,0,0,1,8.6,8.0,64.7,90.4,21,63,3.0,0
11,CIN,2022,13.0,24,16,27,211,1,0,2,8.3,7.3,59.3,96.4,25,138,5.5,2
12,CIN,2022,14.0,10,26,43,273,1,1,2,6.4,6.1,60.5,77.0,25,71,2.8,0
13,CIN,2022,15.0,23,30,44,304,3,2,1,7.1,6.8,68.2,91.5,25,92,3.7,0
14,CIN,2022,16.0,18,21,33,224,2,0,4,7.3,6.1,63.6,103.6,16,61,3.8,0
15,CIN,2022,18.0,16,19,44,276,0,2,4,6.5,5.8,43.2,45.3,27,110,4.1,1
0,GNB,2022,1.0,23,23,32,269,2,0,1,8.7,8.2,71.9,117.8,28,126,4.5,0
1,GNB,2022,2.0,10,7,11,48,0,1,3,6.4,3.4,63.6,35.4,27,180,6.7,1
2,GNB,2022,3.0,12,31,42,251,1,0,3,6.5,5.6,73.8,96.4,14,34,2.4,0
3,GNB,2022,4.0,24,15,21,104,1,0,4,6.5,4.2,71.4,98.1,33,167,5.1,1
4,GNB,2022,5.0,27,21,27,213,0,0,1,8.0,7.6,77.8,99.5,31,125,4.0,3
5,GNB,2022,6.0,27,10,18,99,0,0,2,6.1,5.0,55.6,71.3,33,179,5.4,2
6,GNB,2022,7.0,23,20,33,198,2,1,1,6.1,5.8,60.6,85.2,38,166,4.4,0
7,GNB,2022,8.0,27,13,25,216,2,2,2,8.7,8.0,52.0,74.7,27,153,5.7,1
8,GNB,2022,9.0,15,14,26,137,2,1,0,5.3,5.3,53.8,78.5,31,117,3.8,0
9,GNB,2022,10.0,28,27,46,262,3,2,2,5.8,5.5,58.7,78.4,31,159,5.1,1
10,GNB,2022,11.0,27,24,29,320,3,1,3,11.6,10.0,82.8,132.8,32,88,2.8,1
11,GNB,2022,12.0,40,16,28,137,2,0,2,5.5,4.6,57.1,93.9,49,363,7.4,3
12,GNB,2022,13.0,19,20,25,254,0,2,0,10.2,10.2,80.0,75.7,25,155,6.2,2
13,GNB,2022,15.0,12,12,21,84,1,1,5,5.3,3.2,57.1,62.4,17,72,4.2,0
14,GNB,2022,16.0,20,16,25,294,1,3,2,12.4,10.9,64.0,78.2,18,82,4.6,1
15,GNB,2022,17.0,17,22,35,244,2,3,2,7.5,6.6,62.9,66.8,20,102,5.1,0
16,GNB,2022,18.0,20,23,34,219,0,0,1,6.6,6.3,67.6,85.3,25,104,4.2,2
0,NYJ,2022,1.0,24,17,30,211,3,1,2,7.1,6.6,56.7,98.1,21,63,3.0,0
1,NYJ,2022,2.0,30,22,27,221,1,1,1,8.5,7.9,81.5,97.7,37,184,5.0,3
2,NYJ,2022,3.0,27,23,36,261,3,0,2,7.6,6.9,63.9,113.3,28,69,2.5,0
3,NYJ,2022,4.0,20,17,26,178,0,4,3,7.8,6.1,65.4,45.5,31,119,3.8,2
4,NYJ,2022,5.0,17,19,34,158,0,1,2,4.9,4.4,55.9,55.8,26,137,5.3,2
5,NYJ,2022,6.0,10,28,45,218,1,0,4,5.6,4.4,62.2,81.5,20,60,3.0,0
6,NYJ,2022,7.0,9,24,46,219,0,1,1,4.9,4.7,52.2,56.3,28,105,3.8,1
7,NYJ,2022,8.0,22,24,35,161,1,1,6,5.5,3.9,68.6,76.0,34,127,3.7,0
8,NYJ,2022,9.0,17,18,34,183,0,2,5,6.0,4.7,52.9,44.1,22,134,6.1,2
9,NYJ,2022,11.0,10,23,27,198,0,0,6,9.1,6.0,85.2,97.2,26,99,3.8,0
10,NYJ,2022,12.0,10,14,25,165,1,1,2,7.2,6.1,56.0,72.9,29,127,4.4,0
11,NYJ,2022,13.0,27,21,35,159,1,0,2,4.9,4.3,60.0,80.5,29,128,4.4,2
12,NYJ,2022,14.0,20,16,27,130,1,0,3,5.4,4.3,59.3,83.9,24,102,4.3,1
13,NYJ,2022,15.0,20,23,38,252,1,0,0,6.6,6.6,60.5,88.9,28,107,3.8,0
14,NYJ,2022,16.0,19,20,31,218,0,0,1,7.4,6.8,64.5,85.1,39,147,3.8,1
15,NYJ,2022,17.0,23,18,29,148,2,0,4,6.3,4.5,62.1,98.1,38,198,5.2,0
16,NYJ,2022,18.0,11,20,31,140,0,0,1,4.9,4.4,64.5,74.7,32,162,5.1,0
0,HTX,2022,1.0,20,32,50,340,1,1,2,7.0,6.5,64.0,82.1,38,177,4.7,1
1,HTX,2022,2.0,16,14,31,201,1,1,3,7.1,5.9,45.2,64.0,31,149,4.8,0
2,HTX,2022,3.0,23,8,17,82,0,2,5,6.2,3.7,47.1,21.8,40,281,7.0,2
3,HTX,2022,4.0,34,27,39,338,2,0,1,8.7,8.5,69.2,113.0,27,81,3.0,2
4,HTX,2022,5.0,6,25,47,286,0,2,0,6.1,6.1,53.2,54.0,26,136,5.2,0
5,HTX,2022,7.0,38,21,27,236,1,0,1,8.9,8.4,77.8,115.4,27,164,6.1,3
6,HTX,2022,8.0,17,6,10,40,0,1,3,5.5,3.1,60.0,29.2,45,314,7.0,2
7,HTX,2022,9.0,29,21,27,217,2,0,4,9.0,7.0,77.8,124.8,31,143,4.6,2
8,HTX,2022,10.0,24,13,17,176,2,0,3,11.6,8.8,76.5,148.2,47,191,4.1,1
9,HTX,2022,11.0,23,15,27,191,0,0,0,7.1,7.1,55.6,77.9,40,153,3.8,1
10,HTX,2022,12.0,30,23,41,273,1,0,5,7.4,5.9,56.1,84.7,26,66,2.5,1
11,HTX,2022,13.0,27,12,22,130,0,1,1,6.0,5.7,54.5,53.2,38,174,4.6,0
12,HTX,2022,14.0,27,24,39,277,1,2,1,7.3,6.9,61.5,70.1,31,127,4.1,2
13,HTX,2022,15.0,30,36,41,313,2,0,2,8.2,7.3,87.8,114.7,33,189,5.7,2
14,HTX,2022,16.0,14,14,23,88,0,2,4,4.3,3.3,60.9,32.5,31,184,5.9,2
15,HTX,2022,17.0,31,22,29,168,0,2,2,6.2,5.4,75.9,60.7,29,169,5.8,3
16,HTX,2022,18.0,31,23,35,202,2,2,2,6.0,5.5,65.7,76.1,33,196,5.9,1
0,SDG,2022,1.0,19,22,37,256,2,3,6,8.0,6.0,59.5,64.7,13,64,4.9,0
1,SDG,2022,2.0,27,24,35,226,2,0,1,6.7,6.3,68.6,105.2,18,93,5.2,0
2,SDG,2022,3.0,38,28,39,262,3,0,0,6.7,6.7,71.8,115.5,36,151,4.2,1
3,SDG,2022,4.0,24,26,35,215,2,2,4,7.0,5.5,74.3,84.8,14,131,9.4,1
4,SDG,2022,5.0,28,21,34,230,1,1,0,6.8,6.8,61.8,79.3,31,213,6.9,3
5,SDG,2022,6.0,16,15,28,160,1,0,4,6.7,5.0,53.6,82.4,23,98,4.3,0
6,SDG,2022,7.0,37,20,27,191,2,1,2,7.8,6.6,74.1,102.5,34,213,6.3,2
7,SDG,2022,9.0,17,12,23,114,0,0,2,5.6,4.6,52.2,66.2,35,201,5.7,2
8,SDG,2022,10.0,22,19,28,230,0,0,1,8.6,7.9,67.9,92.9,41,157,3.8,2
9,SDG,2022,11.0,30,20,34,322,3,0,1,9.7,9.2,58.8,120.0,27,163,6.0,0
10,SDG,2022,12.0,24,18,29,185,2,1,1,6.6,6.2,62.1,89.0,34,181,5.3,1
11,SDG,2022,13.0,27,16,30,250,2,1,0,8.3,8.3,53.3,89.6,29,154,5.3,1
12,SDG,2022,14.0,17,10,28,127,1,0,2,5.2,4.2,35.7,62.6,19,92,4.8,0
13,SDG,2022,15.0,14,18,26,157,0,1,4,7.1,5.2,69.2,68.9,27,127,4.7,2
14,SDG,2022,16.0,3,17,29,104,0,3,7,4.9,2.9,58.6,26.3,14,69,4.9,0
15,SDG,2022,17.0,10,11,19,111,0,0,3,6.9,5.0,57.9,74.7,26,166,6.4,1
16,SDG,2022,18.0,31,13,24,266,3,1,2,11.8,10.2,54.2,115.6,36,205,5.7,1
0,MIN,2022,1.0,7,26,39,227,0,1,4,6.7,5.3,66.7,71.2,18,111,6.2,1
1,MIN,2022,2.0,24,26,31,323,1,1,3,10.7,9.5,83.9,107.4,34,163,4.8,2
2,MIN,2022,3.0,24,25,41,277,1,1,0,6.8,6.8,61.0,79.0,35,139,4.0,2
3,MIN,2022,4.0,25,20,28,227,1,0,2,8.4,7.6,71.4,107.3,27,111,4.1,2
4,MIN,2022,5.0,22,15,21,193,1,0,2,9.9,8.4,71.4,115.8,24,78,3.3,1
5,MIN,2022,6.0,16,30,47,385,2,2,6,8.9,7.3,63.8,85.9,20,73,3.7,0
6,MIN,2022,8.0,26,31,44,297,3,2,4,7.4,6.2,70.5,92.7,22,78,3.5,0
7,MIN,2022,9.0,17,15,28,126,2,1,3,5.3,4.1,53.6,74.4,30,137,4.6,0
8,MIN,2022,10.0,30,29,43,311,1,2,2,7.7,6.9,67.4,76.8,27,175,6.5,2
9,MIN,2022,11.0,40,26,30,307,2,0,0,10.2,10.2,86.7,131.5,40,151,3.8,2
10,MIN,2022,12.0,26,28,39,364,2,0,3,9.8,8.7,71.8,117.9,13,45,3.5,0
11,MIN,2022,13.0,22,31,58,366,0,2,1,6.4,6.2,53.4,58.5,24,120,5.0,1
12,MIN,2022,14.0,34,27,39,330,3,0,0,8.5,8.5,69.2,120.7,30,134,4.5,1
13,MIN,2022,15.0,36,19,33,170,1,0,3,5.5,4.7,57.6,81.6,43,171,4.0,0
14,MIN,2022,16.0,24,30,42,319,1,1,3,8.0,7.1,71.4,91.3,21,126,6.0,1
15,MIN,2022,17.0,41,17,27,152,1,0,1,6.2,5.4,63.0,90.4,33,163,4.9,2
16,MIN,2022,18.0,13,13,27,141,1,2,1,5.4,5.0,48.1,45.4,22,118,5.4,1
0,CLE,2022,1.0,24,16,27,207,1,1,4,8.7,6.7,59.3,80.3,19,54,2.8,2
1,CLE,2022,2.0,31,27,45,309,4,0,2,7.2,6.6,60.0,110.3,20,93,4.7,0
2,CLE,2022,3.0,17,20,32,204,0,0,1,6.5,6.2,62.5,80.7,22,104,4.7,2
3,CLE,2022,4.0,23,7,19,131,0,1,1,7.3,6.6,36.8,39.6,35,202,5.8,2
4,CLE,2022,5.0,30,22,34,227,1,0,1,6.7,6.5,64.7,93.6,34,238,7.0,2
5,CLE,2022,6.0,38,24,34,301,2,0,2,9.1,8.4,70.6,117.4,29,98,3.4,3
6,CLE,2022,7.0,23,9,16,94,0,0,3,7.5,4.9,56.3,73.4,44,160,3.6,2
7,CLE,2022,8.0,13,25,35,193,2,1,5,6.6,4.8,71.4,91.7,10,36,3.6,0
8,CLE,2022,10.0,39,26,33,296,3,0,1,9.2,8.7,78.8,134.3,33,195,5.9,2
9,CLE,2022,11.0,31,18,27,186,1,0,2,7.3,6.4,66.7,98.7,33,171,5.2,1
10,CLE,2022,12.0,17,29,43,229,2,0,3,5.7,5.0,67.4,96.0,20,96,4.8,0
11,CLE,2022,13.0,14,20,39,201,1,2,0,5.2,5.2,51.3,53.5,22,82,3.7,0
12,CLE,2022,14.0,23,18,33,227,2,1,2,7.2,6.5,54.5,83.8,26,136,5.2,1
13,CLE,2022,15.0,3,17,30,126,0,1,3,4.6,3.8,56.7,52.9,28,198,7.1,0
14,CLE,2022,16.0,17,8,15,92,0,1,0,6.1,6.1,53.3,44.3,39,152,3.9,2
15,CLE,2022,17.0,10,16,28,124,0,3,3,5.1,4.0,57.1,28.6,37,136,3.7,1
16,CLE,2022,18.0,28,13,29,189,1,0,1,6.7,6.3,44.8,78.1,37,144,3.9,2
0,RAI,2022,1.0,24,26,34,279,3,0,0,8.2,8.2,76.5,129.4,31,76,2.5,0
1,RAI,2022,2.0,29,31,49,270,1,1,1,5.7,5.4,63.3,76.1,28,143,5.1,2
2,RAI,2022,3.0,24,19,27,252,1,1,1,9.8,9.0,70.4,96.5,27,109,4.0,2
3,RAI,2022,4.0,23,17,25,214,2,0,3,9.5,7.6,68.0,121.1,20,85,4.3,1
4,RAI,2022,5.0,30,29,43,265,4,0,3,6.8,5.8,67.4,115.0,23,103,4.5,0
5,RAI,2022,7.0,20,28,41,296,2,1,1,7.4,7.0,68.3,95.2,23,108,4.7,0
6,RAI,2022,8.0,24,23,31,231,2,0,0,7.5,7.5,74.2,116.5,32,136,4.3,1
7,RAI,2022,9.0,27,25,31,235,1,0,0,7.6,7.6,80.6,109.0,37,168,4.5,2
8,RAI,2022,10.0,25,21,28,208,1,0,1,7.9,7.2,75.0,107.4,30,207,6.9,2
9,RAI,2022,11.0,16,24,31,226,0,0,3,8.0,6.6,77.4,97.0,28,94,3.4,1
10,RAI,2022,12.0,34,27,37,307,2,1,3,8.9,7.7,73.0,104.2,23,65,2.8,2
11,RAI,2022,13.0,20,28,47,314,1,0,5,7.1,6.0,59.6,86.7,22,72,3.3,0
12,RAI,2022,14.0,17,22,35,211,1,0,4,6.6,5.4,62.9,89.1,22,71,3.2,1
13,RAI,2022,15.0,24,13,31,112,0,0,0,3.6,3.6,41.9,52.1,32,206,6.4,1
14,RAI,2022,16.0,13,26,39,244,1,1,0,6.3,6.3,66.7,81.6,27,106,3.9,0
15,RAI,2022,17.0,37,22,35,284,2,1,0,8.1,8.1,62.9,95.4,27,170,6.3,2
16,RAI,2022,18.0,31,18,26,181,1,0,2,7.8,6.5,69.2,101.6,28,168,6.0,3
0,NYG,2022,1.0,20,20,33,266,2,0,1,8.1,7.8,60.6,106.4,26,93,3.6,0
1,NYG,2022,2.0,16,14,29,129,1,0,2,5.0,4.2,48.3,72.3,23,146,6.3,0
2,NYG,2022,3.0,23,21,31,215,1,0,0,6.9,6.9,67.7,98.2,30,176,5.9,1
3,NYG,2022,4.0,12,11,22,155,0,0,6,7.9,5.5,50.0,73.1,32,149,4.7,0
4,NYG,2022,5.0,22,25,39,207,2,0,2,5.7,5.0,64.1,94.7,20,94,4.7,0
5,NYG,2022,6.0,20,17,32,195,1,1,2,6.6,5.7,53.1,69.1,24,211,8.8,1
6,NYG,2022,7.0,17,22,44,310,0,0,0,7.0,7.0,50.0,73.1,21,142,6.8,2
7,NYG,2022,8.0,27,23,34,190,2,0,3,6.2,5.1,67.6,101.3,25,87,3.5,1
8,NYG,2022,10.0,16,22,37,286,1,1,4,8.6,7.0,59.5,81.6,19,101,5.3,0
9,NYG,2022,11.0,31,17,26,165,0,0,0,6.3,6.3,65.4,83.0,37,160,4.3,4
10,NYG,2022,12.0,28,21,30,261,2,2,0,8.7,8.7,70.0,91.1,39,169,4.3,2
11,NYG,2022,13.0,20,27,41,246,2,0,5,6.7,5.3,65.9,98.2,36,165,4.6,0
12,NYG,2022,14.0,48,21,31,184,2,0,4,7.0,5.3,67.7,104.8,31,253,8.2,4
13,NYG,2022,15.0,12,17,29,228,1,0,3,8.6,7.1,58.6,95.2,26,159,6.1,0
14,NYG,2022,16.0,27,34,48,270,3,0,4,6.2,5.2,70.8,105.4,19,83,4.4,0
15,NYG,2022,17.0,10,17,27,124,1,1,2,5.2,4.3,63.0,70.6,27,128,4.7,0
16,NYG,2022,18.0,22,20,35,207,0,1,3,6.5,5.4,57.1,62.4,34,135,4.0,1
0,ATL,2022,1.0,27,23,34,234,2,0,4,7.9,6.2,67.6,106.7,19,151,7.9,1
1,ATL,2022,2.0,31,27,36,272,3,2,1,7.6,7.4,75.0,100.7,26,65,2.5,1
2,ATL,2022,3.0,23,32,44,308,2,1,2,7.4,6.7,72.7,97.5,23,112,4.9,0
3,ATL,2022,4.0,20,21,35,226,0,1,1,6.7,6.3,60.0,67.1,35,177,5.1,2
4,ATL,2022,5.0,21,35,52,351,1,0,0,6.8,6.8,67.3,92.7,23,69,3.0,1
5,ATL,2022,6.0,14,29,41,296,2,2,0,7.2,7.2,70.7,87.0,16,50,3.1,0
6,ATL,2022,7.0,35,34,42,459,3,0,3,11.5,10.2,81.0,136.0,21,78,3.7,2
7,ATL,2022,8.0,34,19,36,309,1,1,1,8.8,8.4,52.8,79.5,36,169,4.7,3
8,ATL,2022,9.0,20,30,43,245,1,1,0,5.7,5.7,69.8,82.0,24,91,3.8,1
9,ATL,2022,10.0,25,10,16,101,0,0,1,6.8,5.9,62.5,80.5,47,232,4.9,2
10,ATL,2022,11.0,24,14,21,128,1,1,4,7.3,5.1,66.7,79.1,41,160,3.9,2
11,ATL,2022,12.0,19,14,23,138,2,1,0,6.0,6.0,60.9,88.7,37,176,4.8,0
12,ATL,2022,13.0,19,16,28,197,1,0,0,7.0,7.0,57.1,90.9,37,154,4.2,0
13,ATL,2022,15.0,21,13,19,214,3,0,2,12.2,10.2,68.4,145.6,34,134,3.9,0
14,ATL,2022,16.0,17,9,17,115,1,0,0,6.8,6.8,52.9,94.0,34,184,5.4,0
15,ATL,2022,17.0,19,24,40,213,1,0,2,5.6,5.1,60.0,82.6,27,126,4.7,0
16,ATL,2022,18.0,17,22,34,136,2,0,0,4.0,4.0,64.7,92.3,20,86,4.3,0
0,SEA,2022,1.0,16,29,42,330,1,0,2,8.1,7.5,69.0,100.3,20,103,5.2,0
1,SEA,2022,2.0,27,15,24,184,1,0,1,7.7,7.4,62.5,100.0,45,189,4.2,2
2,SEA,2022,3.0,27,13,20,207,1,1,3,11.5,9.0,65.0,95.2,31,179,5.8,2
3,SEA,2022,4.0,45,27,40,375,4,1,1,9.6,9.1,67.5,120.3,25,145,5.8,2
4,SEA,2022,5.0,39,17,25,203,2,1,1,8.4,7.8,68.0,102.6,48,235,4.9,3
5,SEA,2022,6.0,9,23,37,171,0,1,6,6.0,4.0,62.2,61.9,28,144,5.1,0
6,SEA,2022,7.0,23,33,51,276,2,1,3,5.7,5.1,64.7,83.5,15,53,3.5,1
7,SEA,2022,8.0,13,17,31,147,0,0,5,5.7,4.1,54.8,67.5,28,78,2.8,1
8,SEA,2022,9.0,21,25,35,140,2,0,5,5.0,3.5,71.4,97.3,21,122,5.8,0
9,SEA,2022,10.0,21,22,30,258,2,2,0,8.6,8.6,73.3,93.5,44,161,3.7,1
10,SEA,2022,12.0,40,25,36,293,3,2,1,8.2,7.9,69.4,98.5,40,283,7.1,2
11,SEA,2022,13.0,23,14,26,148,0,2,4,6.8,4.9,53.8,38.6,33,171,5.2,2
12,SEA,2022,14.0,30,14,24,105,1,0,2,5.0,4.0,58.3,82.8,46,223,4.8,2
13,SEA,2022,15.0,21,17,26,211,2,0,1,8.3,7.8,65.4,116.0,34,170,5.0,1
14,SEA,2022,16.0,24,16,28,220,2,0,1,8.0,7.6,57.1,106.2,22,77,3.5,1
15,SEA,2022,17.0,6,23,46,204,0,2,4,5.2,4.1,50.0,44.1,17,75,4.4,0
16,SEA,2022,18.0,16,13,26,123,0,1,5,5.7,4.0,50.0,47.4,28,146,5.2,1
0,NOR,2022,1.0,26,20,33,215,0,0,0,6.5,6.5,60.6,79.7,38,201,5.3,2
1,NOR,2022,2.0,20,18,34,188,1,0,1,5.6,5.4,52.9,79.0,30,72,2.4,0
2,NOR,2022,3.0,22,12,25,148,1,0,3,6.8,5.3,48.0,80.1,31,145,4.7,0
3,NOR,2022,4.0,28,26,39,263,1,1,3,7.3,6.3,66.7,83.6,25,81,3.2,1
4,NOR,2022,5.0,32,16,25,245,3,0,3,10.7,8.8,64.0,135.8,21,151,7.2,1
5,NOR,2022,6.0,30,28,37,273,3,0,3,8.1,6.8,75.7,122.9,14,75,5.4,1
6,NOR,2022,7.0,42,20,29,189,1,0,2,7.0,6.1,69.0,98.2,29,137,4.7,2
7,NOR,2022,8.0,0,23,39,145,0,1,4,4.4,3.4,59.0,56.0,13,38,2.9,0
8,NOR,2022,9.0,27,12,22,131,1,0,3,6.0,5.2,54.5,87.5,40,188,4.7,2
9,NOR,2022,10.0,20,18,30,162,0,0,6,6.6,4.5,60.0,74.6,43,217,5.0,2
10,NOR,2022,11.0,20,16,28,188,2,0,4,8.0,5.9,57.1,101.5,30,148,4.9,0
11,NOR,2022,12.0,13,26,37,221,1,0,1,6.0,5.8,70.3,94.5,29,96,3.3,0
12,NOR,2022,13.0,17,36,54,274,2,1,1,5.2,5.0,66.7,83.4,20,76,3.8,0
13,NOR,2022,15.0,18,13,26,89,0,0,4,3.7,3.0,50.0,58.0,39,231,5.9,2
14,NOR,2022,16.0,10,15,31,125,0,1,2,4.4,3.8,48.4,45.8,34,124,3.6,1
15,NOR,2022,17.0,10,18,32,246,1,1,6,8.6,6.5,56.3,78.4,15,67,4.5,0
16,NOR,2022,18.0,10,5,15,32,0,2,2,2.9,1.9,33.3,2.8,41,171,4.2,0
0,CRD,2022,1.0,44,30,39,360,5,0,0,9.2,9.2,76.9,144.2,27,128,4.7,1
1,CRD,2022,2.0,23,25,39,244,2,0,1,6.5,6.1,64.1,98.7,21,80,3.8,0
2,CRD,2022,3.0,20,18,25,239,0,0,1,10.0,9.2,72.0,101.9,20,100,5.0,2
3,CRD,2022,4.0,16,22,36,180,1,2,2,5.5,4.7,61.1,60.0,13,40,3.1,0
4,CRD,2022,5.0,20,26,36,218,0,0,2,6.6,5.7,72.2,87.5,33,139,4.2,2
5,CRD,2022,6.0,19,20,31,160,0,0,5,6.4,4.4,64.5,77.4,30,136,4.5,1
6,CRD,2022,7.0,34,32,49,409,4,3,0,8.3,8.3,65.3,93.0,22,85,3.9,0
7,CRD,2022,8.0,34,24,36,208,2,0,3,6.4,5.3,66.7,100.2,29,173,6.0,3
8,CRD,2022,9.0,31,26,34,263,2,1,2,8.1,7.3,76.5,105.4,34,158,4.6,2
9,CRD,2022,10.0,17,25,37,190,1,1,3,5.6,4.8,67.6,77.5,20,66,3.3,1
10,CRD,2022,11.0,38,20,29,228,4,0,0,7.9,7.9,69.0,131.9,28,159,5.7,1
11,CRD,2022,12.0,25,35,47,246,3,0,4,5.8,4.8,74.5,107.2,13,65,5.0,0
12,CRD,2022,14.0,27,24,35,225,0,1,1,6.7,6.3,68.6,74.1,21,103,4.9,2
13,CRD,2022,15.0,24,21,26,156,1,1,7,7.6,4.7,80.8,88.5,34,168,4.9,2
14,CRD,2022,16.0,19,32,48,281,1,2,0,5.9,5.9,66.7,71.6,30,115,3.8,0
15,CRD,2022,17.0,20,19,26,166,0,0,1,6.5,6.1,73.1,89.6,34,132,3.9,2
16,CRD,2022,18.0,38,15,20,142,3,0,4,8.9,5.9,75.0,133.7,37,169,4.6,2
0,NWE,2022,1.0,20,23,33,242,1,0,3,8.2,6.7,69.7,100.8,23,65,2.8,0
1,NWE,2022,2.0,14,21,33,152,1,1,3,5.1,4.2,63.6,71.8,22,91,4.1,0
2,NWE,2022,3.0,37,18,29,206,4,1,4,7.5,6.2,62.1,108.6,26,188,7.2,1
3,NWE,2022,4.0,27,21,35,244,2,1,1,7.2,6.8,60.0,88.3,35,199,5.7,1
4,NWE,2022,5.0,0,19,35,211,0,1,2,6.5,5.7,54.3,60.5,27,101,3.7,0
5,NWE,2022,6.0,15,21,45,258,1,2,4,5.9,5.3,46.7,53.8,18,70,3.9,0
6,NWE,2022,7.0,33,13,21,147,1,1,4,8.5,5.9,61.9,78.9,45,243,5.4,2
7,NWE,2022,8.0,17,20,41,336,2,3,2,8.7,7.8,48.8,62.7,15,51,3.4,0
8,NWE,2022,9.0,3,15,29,43,0,1,9,3.6,1.1,51.7,43.3,22,78,3.5,0
9,NWE,2022,11.0,3,9,22,44,0,0,4,3.5,1.7,40.9,48.7,23,59,2.6,0
10,NWE,2022,12.0,33,31,38,301,3,1,1,8.2,7.7,81.6,115.0,27,57,2.1,0
11,NWE,2022,13.0,24,22,33,223,2,0,2,6.8,6.4,66.7,106.0,37,132,3.6,1
12,NWE,2022,14.0,13,28,41,210,0,1,6,6.2,4.5,68.3,70.2,22,113,5.1,1
13,NWE,2022,15.0,30,20,38,211,3,1,3,6.1,5.1,52.6,84.4,23,97,4.2,0
14,NWE,2022,16.0,22,40,52,369,3,2,2,7.2,6.8,76.9,99.0,24,73,3.0,0
15,NWE,2022,17.0,21,24,40,247,2,2,2,6.6,5.9,60.0,73.6,27,86,3.2,1
16,NWE,2022,18.0,35,19,31,237,3,1,2,8.2,7.2,61.3,103.8,25,90,3.6,0
0,PIT,2022,1.0,20,33,53,299,2,4,7,6.4,5.0,62.3,58.6,34,133,3.9,0
1,PIT,2022,2.0,17,21,35,252,1,1,0,7.2,7.2,60.0,79.7,31,124,4.0,1
2,PIT,2022,3.0,29,21,31,205,2,0,2,7.1,6.2,67.7,107.6,38,171,4.5,1
3,PIT,2022,4.0,24,19,37,250,2,2,1,6.9,6.6,51.4,68.5,29,98,3.4,1
4,PIT,2022,5.0,38,22,36,432,4,1,0,12.0,12.0,61.1,128.5,18,120,6.7,1
5,PIT,2022,6.0,18,25,40,229,1,0,2,6.1,5.5,62.5,86.4,26,75,2.9,0
6,PIT,2022,7.0,16,21,35,261,1,0,0,7.5,7.5,60.0,92.7,27,111,4.1,0
7,PIT,2022,8.0,35,20,30,290,4,0,3,10.3,8.8,66.7,137.5,20,111,5.6,1
8,PIT,2022,10.0,10,17,28,157,1,2,2,6.2,5.2,60.7,58.2,15,29,1.9,0
9,PIT,2022,11.0,37,24,39,346,4,2,2,9.1,8.4,61.5,103.2,24,62,2.6,0
10,PIT,2022,12.0,17,22,34,180,1,1,3,5.9,4.9,64.7,75.6,25,110,4.4,1
11,PIT,2022,13.0,16,13,24,160,1,1,1,7.0,6.4,54.2,71.5,28,146,5.2,0
12,PIT,2022,14.0,16,11,17,94,0,0,2,6.1,4.9,64.7,79.0,42,215,5.1,1
13,PIT,2022,15.0,16,14,23,188,1,0,4,9.8,7.0,60.9,101.4,16,21,1.3,0
14,PIT,2022,16.0,10,16,30,143,1,3,3,5.8,4.3,53.3,37.9,19,58,3.1,0
15,PIT,2022,17.0,13,14,21,120,1,1,1,6.2,5.5,66.7,77.5,28,120,4.3,0
16,PIT,2022,18.0,14,19,29,173,2,2,7,7.9,4.8,65.5,75.8,22,134,6.1,0
0,CLT,2022,1.0,20,23,37,222,2,0,3,6.5,5.6,62.2,96.9,28,77,2.8,0
1,CLT,2022,2.0,24,25,30,235,2,0,0,7.8,7.8,83.3,121.5,37,96,2.6,1
2,CLT,2022,3.0,17,20,36,257,1,1,1,7.3,6.9,55.6,75.8,23,58,2.5,1
3,CLT,2022,4.0,24,17,21,116,2,0,3,6.5,4.8,81.0,121.4,28,127,4.5,1
4,CLT,2022,5.0,9,21,39,250,0,2,4,7.0,5.8,53.8,52.3,28,125,4.5,0
5,CLT,2022,6.0,27,20,22,136,1,0,4,7.5,5.2,90.9,107.6,33,243,7.4,3
6,CLT,2022,7.0,19,13,20,116,0,0,2,6.6,5.3,65.0,80.4,35,138,3.9,0
7,CLT,2022,8.0,17,23,31,266,1,1,2,9.0,8.1,74.2,97.0,28,96,3.4,1
8,CLT,2022,9.0,26,20,30,133,1,0,4,4.9,3.9,66.7,87.2,28,70,2.5,0
9,CLT,2022,10.0,20,24,38,232,2,0,2,6.5,5.8,63.2,97.7,24,77,3.2,1
10,CLT,2022,11.0,17,18,25,173,1,0,3,7.6,6.2,72.0,104.2,33,141,4.3,1
11,CLT,2022,12.0,24,20,28,151,0,0,3,6.2,4.9,71.4,84.1,36,172,4.8,2
12,CLT,2022,13.0,54,20,30,165,3,1,1,5.7,5.3,66.7,100.0,34,220,6.5,4
13,CLT,2022,15.0,39,34,55,426,4,2,7,8.4,6.9,61.8,95.0,24,92,3.8,1
14,CLT,2022,16.0,20,24,31,213,0,1,4,7.6,6.1,77.4,81.8,32,101,3.2,2
15,CLT,2022,17.0,38,19,24,177,2,0,0,7.4,7.4,79.2,125.2,37,217,5.9,2
16,CLT,2022,18.0,32,24,40,301,3,2,1,7.8,7.3,60.0,87.6,23,59,2.6,0
0,WAS,2022,1.0,22,24,42,260,1,1,2,6.5,5.9,57.1,73.5,18,123,6.8,1
1,WAS,2022,2.0,36,20,34,234,4,0,3,7.5,6.3,58.8,119.0,24,191,8.0,0
2,WAS,2022,3.0,24,22,35,328,3,0,3,9.7,8.6,62.9,122.1,30,72,2.4,0
3,WAS,2022,4.0,25,15,27,217,2,0,1,8.3,7.8,55.6,106.6,29,62,2.1,0
4,WAS,2022,5.0,21,15,25,136,1,0,5,7.2,4.5,60.0,88.1,32,105,3.3,2
5,WAS,2022,6.0,7,14,27,154,1,1,5,7.0,4.8,51.9,66.0,37,237,6.4,0
6,WAS,2022,7.0,21,23,35,194,2,0,0,5.5,5.5,65.7,99.0,12,38,3.2,0
7,WAS,2022,8.0,16,17,23,189,0,0,2,8.7,7.6,73.9,97.9,29,135,4.7,1
8,WAS,2022,9.0,20,23,41,245,2,1,2,6.4,5.7,56.1,79.8,22,56,2.5,0
9,WAS,2022,10.0,21,17,26,170,2,1,1,6.7,6.3,65.4,93.4,20,94,4.7,1
10,WAS,2022,11.0,10,19,33,127,0,2,5,5.1,3.3,57.6,40.8,16,21,1.3,1
11,WAS,2022,12.0,13,15,25,165,1,1,1,7.0,6.3,60.0,76.2,29,167,5.8,0
12,WAS,2022,13.0,20,25,31,182,1,0,4,6.5,5.2,80.6,101.9,30,134,4.5,1
13,WAS,2022,15.0,20,21,32,160,0,0,0,5.0,5.0,65.6,77.6,30,128,4.3,1
14,WAS,2022,16.0,37,15,22,218,2,1,3,10.6,8.7,68.2,111.6,26,153,5.9,2
15,WAS,2022,17.0,24,9,18,155,3,0,5,9.4,6.7,50.0,119.2,30,146,4.9,0
16,WAS,2022,18.0,6,14,38,118,1,1,1,3.4,3.0,36.8,43.5,27,64,2.4,0
0,DEN,2022,1.0,17,23,28,177,2,0,2,7.0,5.9,82.1,116.8,19,76,4.0,0
1,DEN,2022,2.0,9,19,38,154,0,0,3,4.7,3.8,50.0,60.6,18,80,4.4,0
2,DEN,2022,3.0,10,18,29,179,1,1,4,7.3,5.4,62.1,76.7,19,88,4.6,0
3,DEN,2022,4.0,32,21,34,173,0,0,2,5.5,4.8,61.8,74.8,38,212,5.6,2
4,DEN,2022,5.0,12,26,41,200,0,2,6,6.1,4.3,63.4,54.9,26,106,4.1,0
5,DEN,2022,6.0,19,37,57,224,0,1,2,4.2,3.8,64.9,65.2,24,73,3.0,1
6,DEN,2022,7.0,16,16,26,105,0,0,3,4.7,3.6,61.5,70.2,24,155,6.5,1
7,DEN,2022,8.0,17,18,31,114,1,2,2,4.3,3.5,58.1,49.7,32,191,6.0,1
8,DEN,2022,10.0,17,19,36,244,2,0,1,7.1,6.6,52.8,92.8,23,63,2.7,0
9,DEN,2022,11.0,22,23,37,298,2,0,1,8.3,7.8,62.2,105.5,24,109,4.5,0
10,DEN,2022,12.0,23,11,19,164,1,0,0,8.6,8.6,57.9,103.8,46,185,4.0,1
11,DEN,2022,13.0,10,30,37,182,0,2,4,5.4,4.4,81.1,64.6,28,103,3.7,1
12,DEN,2022,14.0,34,28,42,342,3,3,2,8.4,7.8,66.7,85.6,23,89,3.9,0
13,DEN,2022,15.0,15,20,36,167,0,3,3,4.8,4.3,55.6,33.0,20,73,3.7,1
14,DEN,2022,16.0,51,24,28,230,2,0,0,8.2,8.2,85.7,124.7,36,158,4.4,3
15,DEN,2022,17.0,27,29,42,328,3,1,0,7.8,7.8,69.0,106.1,16,46,2.9,1
16,DEN,2022,18.0,28,30,44,293,3,0,1,6.8,6.5,68.2,109.4,22,59,2.7,0
0,CAR,2023,1.0,24,15,18,91,1,0,4,6.4,4.1,83.3,106.2,26,130,5.0,2
1,CAR,2023,2.0,20,22,37,207,0,1,4,6.4,5.0,59.5,63.7,33,134,4.1,2
2,CAR,2023,3.0,37,23,36,279,1,1,2,8.2,7.3,63.9,85.3,33,146,4.4,2
3,CAR,2023,4.0,21,12,19,130,2,2,2,7.3,6.2,63.2,78.7,23,135,5.9,0
4,CAR,2023,5.0,42,20,28,218,3,0,2,8.4,7.3,71.4,129.8,30,159,5.3,3
5,CAR,2023,6.0,42,21,32,262,3,1,0,8.2,8.2,65.6,109.1,33,162,4.9,3
6,CAR,2023,8.0,13,16,24,119,0,0,2,5.8,4.6,66.7,78.3,30,110,3.7,2
7,CAR,2023,9.0,27,17,26,120,1,0,1,4.9,4.4,65.4,88.6,30,78,2.6,0
8,CAR,2023,10.0,16,20,33,162,0,0,0,4.9,4.9,60.6,73.0,37,133,3.6,1
9,CAR,2023,11.0,33,27,41,204,2,0,0,5.0,5.0,65.9,94.0,27,107,4.0,1
10,CAR,2023,12.0,17,18,28,184,0,0,1,6.6,6.3,64.3,83.0,24,80,3.3,2
11,CAR,2023,13.0,21,14,29,194,1,1,1,7.0,6.5,48.3,67.3,28,128,4.6,2
12,CAR,2023,14.0,28,18,26,110,2,1,1,4.6,4.1,69.2,87.0,25,97,3.9,1
13,CAR,2023,15.0,7,12,20,152,1,1,0,7.6,7.6,60.0,79.6,31,52,1.7,0
14,CAR,2023,16.0,33,17,28,207,2,0,1,7.8,7.1,60.7,107.3,34,162,4.8,2
15,CAR,2023,17.0,26,17,24,162,0,0,3,7.4,6.0,70.8,89.2,35,155,4.4,2
16,CAR,2023,18.0,9,20,32,115,0,0,3,4.3,3.3,62.5,69.1,29,113,3.9,0
0,SFO,2023,1.0,7,31,46,198,1,2,5,5.0,3.9,67.4,65.3,10,41,4.1,0
1,SFO,2023,2.0,23,34,55,297,1,2,1,5.6,5.3,61.8,67.0,22,89,4.0,1
2,SFO,2023,3.0,12,22,33,121,0,1,2,4.2,3.5,66.7,60.3,11,29,2.6,1
3,SFO,2023,4.0,16,28,41,257,2,0,1,6.5,6.1,68.3,101.4,25,105,4.2,0
4,SFO,2023,5.0,10,16,26,140,1,3,4,6.2,4.7,61.5,49.0,19,57,3.0,0
5,SFO,2023,6.0,19,18,34,174,0,2,2,5.6,4.8,52.9,43.0,34,160,4.7,1
6,SFO,2023,7.0,22,35,45,378,2,1,0,8.4,8.4,77.8,107.2,21,74,3.5,0
7,SFO,2023,8.0,31,28,32,266,3,0,3,8.8,7.6,87.5,132.6,27,134,5.0,1
8,SFO,2023,10.0,3,18,32,162,0,2,5,5.9,4.4,56.3,44.0,17,59,3.5,0
9,SFO,2023,11.0,14,29,45,221,1,1,4,5.5,4.5,64.4,74.4,18,66,3.7,1
10,SFO,2023,12.0,13,18,27,132,0,1,6,6.7,4.0,66.7,62.6,21,88,4.2,0
11,SFO,2023,13.0,19,28,48,287,1,0,3,6.5,5.6,58.3,82.6,18,46,2.6,1
12,SFO,2023,14.0,16,22,31,254,2,2,4,8.7,7.3,71.0,90.0,20,70,3.5,0
13,SFO,2023,15.0,29,26,39,202,1,2,3,5.4,4.8,66.7,66.4,30,234,7.8,2
14,SFO,2023,16.0,33,23,35,241,2,0,2,7.2,6.5,65.7,104.6,26,102,3.9,1
15,SFO,2023,17.0,10,17,28,163,1,2,1,6.0,5.6,60.7,59.1,14,62,4.4,0
16,SFO,2023,18.0,21,17,24,149,2,1,2,6.8,5.7,70.8,97.4,36,109,3.0,1
0,DAL,2023,1.0,0,17,30,63,0,2,7,3.7,1.7,56.7,34.0,28,108,3.9,0
1,DAL,2023,2.0,10,12,27,151,1,3,3,6.3,5.0,44.4,35.2,16,64,4.0,0
2,DAL,2023,3.0,28,17,21,178,1,0,2,9.0,7.7,81.0,117.9,30,222,7.4,2
3,DAL,2023,4.0,3,16,30,200,0,2,2,6.9,6.3,53.3,46.5,23,53,2.3,0
4,DAL,2023,5.0,42,18,25,251,4,0,1,10.1,9.7,72.0,143.5,41,170,4.1,2
5,DAL,2023,6.0,17,22,37,219,2,1,1,6.1,5.8,59.5,83.1,23,53,2.3,0
6,DAL,2023,8.0,20,18,32,188,1,1,2,6.4,5.5,56.3,70.8,24,92,3.8,1
7,DAL,2023,9.0,28,17,23,183,2,0,3,9.0,7.0,73.9,125.8,33,109,3.3,2
8,DAL,2023,10.0,17,14,27,61,2,1,5,3.2,1.9,51.9,67.1,23,111,4.8,0
9,DAL,2023,11.0,10,16,29,77,1,1,7,4.2,2.1,55.2,57.7,23,110,4.8,0
10,DAL,2023,12.0,10,28,44,268,0,1,4,6.8,5.6,63.6,71.0,27,108,4.0,1
11,DAL,2023,13.0,35,23,41,334,3,1,1,8.1,8.0,56.1,97.0,22,72,3.3,2
12,DAL,2023,14.0,13,19,28,218,0,0,1,8.0,7.5,67.9,91.1,23,106,4.6,0
13,DAL,2023,15.0,31,7,15,85,1,0,1,6.3,5.3,46.7,86.8,49,266,5.4,3
14,DAL,2023,16.0,22,24,37,284,1,0,1,7.9,7.5,64.9,97.1,26,91,3.5,0
15,DAL,2023,17.0,19,20,35,295,1,2,1,8.6,8.2,57.1,70.5,31,125,4.0,1
16,DAL,2023,18.0,10,20,28,130,1,2,4,5.6,4.1,71.4,63.1,17,50,2.9,0
0,BUF,2023,1.0,22,14,22,117,1,1,3,6.4,4.7,63.6,73.5,28,172,6.1,0
1,BUF,2023,2.0,10,16,24,185,1,2,0,7.7,7.7,66.7,68.9,15,55,3.7,0
2,BUF,2023,3.0,3,19,29,125,0,4,9,5.9,3.3,65.5,35.1,13,105,8.1,0
3,BUF,2023,4.0,20,25,35,251,1,1,4,8.1,6.4,71.4,89.1,19,142,7.5,2
4,BUF,2023,5.0,25,25,37,278,1,0,5,8.5,6.6,67.6,98.7,40,196,4.9,2
5,BUF,2023,6.0,9,24,36,185,0,0,3,5.6,4.7,66.7,79.1,34,132,3.9,0
6,BUF,2023,7.0,29,25,30,268,2,0,1,9.1,8.6,83.3,126.1,24,96,4.0,1
7,BUF,2023,8.0,18,25,42,224,2,0,3,5.6,5.0,59.5,89.8,17,78,4.6,0
8,BUF,2023,9.0,24,31,44,343,2,0,1,7.9,7.6,70.5,108.4,22,54,2.5,1
9,BUF,2023,10.0,24,24,29,178,2,0,4,6.7,5.4,82.8,115.2,38,122,3.2,0
10,BUF,2023,11.0,6,15,30,92,1,2,6,4.4,2.6,50.0,39.9,18,63,3.5,0
11,BUF,2023,12.0,37,18,31,193,3,1,2,6.5,5.8,58.1,95.2,32,185,5.8,2
12,BUF,2023,14.0,17,25,43,264,1,1,1,6.3,6.0,58.1,74.2,18,82,4.6,1
13,BUF,2023,15.0,10,21,34,106,0,1,3,3.9,2.9,61.8,54.3,20,89,4.5,1
14,BUF,2023,16.0,22,23,33,175,0,0,5,6.5,4.6,69.7,82.3,27,98,3.6,1
15,BUF,2023,17.0,21,16,26,191,0,3,3,8.0,6.6,61.5,44.4,24,103,4.3,2
16,BUF,2023,18.0,14,17,27,167,1,2,1,6.4,6.0,63.0,61.8,20,108,5.4,1
0,KAN,2023,1.0,21,22,35,250,1,0,1,7.2,6.9,62.9,93.7,34,118,3.5,1
1,KAN,2023,2.0,9,23,42,197,0,0,4,5.1,4.3,54.8,67.3,18,74,4.1,0
2,KAN,2023,3.0,10,11,22,87,1,1,3,4.5,3.5,50.0,56.4,26,116,4.5,0
3,KAN,2023,4.0,20,28,39,228,2,0,2,6.3,5.6,71.8,103.4,16,108,6.8,0
4,KAN,2023,5.0,20,29,47,259,2,0,3,6.0,5.2,61.7,90.6,18,70,3.9,0
5,KAN,2023,6.0,8,13,22,82,1,2,4,4.3,3.2,59.1,44.1,23,115,5.0,0
6,KAN,2023,7.0,17,17,30,219,1,2,5,8.6,6.3,56.7,63.1,26,139,5.3,1
7,KAN,2023,8.0,24,12,19,87,3,0,6,6.0,3.5,63.2,113.4,40,153,3.8,0
8,KAN,2023,9.0,14,21,34,175,1,0,3,5.7,4.7,61.8,84.8,21,117,5.6,1
9,KAN,2023,11.0,21,14,22,124,0,1,5,6.8,4.6,63.6,59.7,27,114,4.2,3
10,KAN,2023,12.0,17,23,34,235,1,0,1,7.3,6.7,67.6,97.1,23,123,5.3,1
11,KAN,2023,13.0,27,25,36,253,3,0,2,7.4,6.7,69.4,117.0,25,129,5.2,0
12,KAN,2023,14.0,20,23,42,209,1,1,3,5.5,4.6,54.8,66.5,28,118,4.2,1
13,KAN,2023,15.0,17,23,31,154,1,1,4,5.8,4.4,74.2,81.9,16,52,3.3,1
14,KAN,2023,16.0,20,9,21,48,0,0,2,3.0,2.1,42.9,50.3,29,157,5.4,0
15,KAN,2023,17.0,17,19,33,159,1,0,6,6.0,4.1,57.6,80.2,32,104,3.3,1
16,KAN,2023,18.0,12,28,47,235,0,0,3,5.5,4.7,59.6,72.6,30,118,3.9,0
0,MIA,2023,1.0,34,23,33,200,1,0,3,6.9,5.6,69.7,95.5,40,233,5.8,3
1,MIA,2023,2.0,17,31,42,200,1,1,4,5.5,4.3,73.8,81.4,25,88,3.5,1
2,MIA,2023,3.0,20,23,38,294,1,1,1,8.1,7.5,60.5,82.6,20,69,3.5,0
3,MIA,2023,4.0,48,21,25,310,4,0,2,12.8,11.5,84.0,157.9,29,104,3.6,2
4,MIA,2023,5.0,16,23,32,183,0,0,7,6.4,4.7,71.9,85.8,29,85,2.9,0
5,MIA,2023,6.0,21,24,39,188,1,0,4,5.7,4.4,61.5,82.0,25,108,4.3,1
6,MIA,2023,7.0,31,23,31,256,2,1,3,9.0,7.5,74.2,106.4,34,99,2.9,2
7,MIA,2023,8.0,17,19,29,141,2,1,3,5.6,4.4,65.5,85.6,19,77,4.1,0
8,MIA,2023,9.0,21,20,30,174,2,0,2,6.2,5.4,66.7,104.0,24,93,3.9,0
9,MIA,2023,11.0,13,24,41,260,1,3,2,6.6,6.0,58.5,54.9,16,36,2.3,0
10,MIA,2023,12.0,13,27,38,130,1,2,7,4.7,2.9,71.1,62.4,10,29,2.9,0
11,MIA,2023,13.0,15,12,23,107,0,1,3,5.5,4.1,52.2,46.8,28,138,4.9,2
12,MIA,2023,14.0,28,23,38,320,1,1,1,8.6,8.2,60.5,85.4,29,83,2.9,2
13,MIA,2023,15.0,0,18,37,80,0,2,6,3.7,1.9,48.6,32.6,12,23,1.9,0
14,MIA,2023,16.0,20,20,32,242,2,0,4,7.9,6.7,62.5,106.5,25,97,3.9,0
15,MIA,2023,17.0,56,19,22,331,6,0,1,15.5,14.4,86.4,158.3,32,160,5.0,2
16,MIA,2023,18.0,21,30,38,345,2,2,3,9.4,8.4,78.9,100.1,36,128,3.6,0
0,PHI,2023,1.0,20,35,54,306,3,1,2,5.9,5.5,64.8,90.5,22,76,3.5,0
1,PHI,2023,2.0,28,31,44,346,4,0,2,8.3,7.5,70.5,123.9,9,28,3.1,0
2,PHI,2023,3.0,11,15,25,133,1,1,2,5.8,4.9,60.0,70.9,17,41,2.4,0
3,PHI,2023,4.0,31,29,41,258,1,0,5,7.1,5.6,70.7,95.4,28,107,3.8,2
4,PHI,2023,5.0,14,21,37,195,2,0,4,6.0,4.8,56.8,89.4,14,54,3.9,0
5,PHI,2023,6.0,20,19,33,155,0,0,5,5.6,4.1,57.6,69.6,21,89,4.2,1
6,PHI,2023,7.0,17,23,32,199,1,1,4,6.8,5.5,71.9,85.3,12,45,3.8,0
7,PHI,2023,8.0,31,39,52,388,4,1,1,7.6,7.3,75.0,113.3,16,84,5.3,0
8,PHI,2023,9.0,23,29,44,333,3,0,5,8.5,6.8,65.9,111.3,21,73,3.5,0
9,PHI,2023,11.0,17,24,43,168,2,1,1,4.1,3.8,55.8,70.7,30,168,5.6,0
10,PHI,2023,12.0,34,29,51,332,2,1,1,6.6,6.4,56.9,81.5,40,173,4.3,2
11,PHI,2023,13.0,42,19,27,310,4,0,2,11.6,10.7,70.4,148.1,28,146,5.2,2
12,PHI,2023,14.0,33,24,39,256,2,0,3,6.9,6.1,61.5,97.8,32,138,4.3,1
13,PHI,2023,15.0,20,22,33,197,1,0,2,6.3,5.6,66.7,92.6,24,100,4.2,1
14,PHI,2023,16.0,25,16,32,186,1,1,1,5.9,5.6,50.0,65.4,26,106,4.1,1
15,PHI,2023,17.0,35,25,31,228,3,1,1,7.5,7.1,80.6,116.1,40,221,5.5,1
16,PHI,2023,18.0,27,25,34,306,1,1,2,9.1,8.5,73.5,98.4,30,109,3.6,2
0,DET,2023,1.0,20,21,39,226,2,1,0,5.8,5.8,53.8,77.5,23,90,3.9,0
1,DET,2023,2.0,37,32,41,311,2,0,1,8.0,7.4,78.0,114.5,25,82,3.3,2
2,DET,2023,3.0,6,21,38,139,0,0,7,5.3,3.1,55.3,63.4,20,44,2.2,0
3,DET,2023,4.0,20,23,36,203,1,2,5,6.8,5.0,63.9,64.9,12,27,2.3,1
4,DET,2023,5.0,24,25,41,243,3,2,1,6.0,5.8,61.0,81.7,23,99,4.3,0
5,DET,2023,6.0,6,19,37,205,0,1,1,5.6,5.4,51.4,56.7,16,46,2.9,0
6,DET,2023,7.0,38,21,28,357,3,0,0,12.8,12.8,75.0,152.4,27,146,5.4,2
7,DET,2023,8.0,14,10,21,77,0,1,6,6.0,2.9,47.6,37.2,18,80,4.4,1
8,DET,2023,10.0,38,27,40,323,4,1,0,8.1,8.1,67.5,114.9,28,98,3.5,1
9,DET,2023,11.0,26,16,23,151,1,0,2,7.3,6.0,69.6,101.9,46,183,4.0,1
10,DET,2023,12.0,29,22,32,268,3,0,0,8.4,8.4,68.8,125.5,22,109,5.0,0
11,DET,2023,13.0,28,19,29,249,1,1,2,9.2,8.0,65.5,89.6,36,113,3.1,3
12,DET,2023,14.0,28,19,33,194,1,0,3,6.8,5.4,57.6,84.7,30,142,4.7,2
13,DET,2023,15.0,17,18,32,204,1,0,2,7.0,6.0,56.3,85.9,28,83,3.0,1
14,DET,2023,16.0,24,22,36,373,2,4,4,11.4,9.3,61.1,75.1,11,17,1.5,1
15,DET,2023,17.0,20,26,38,323,2,1,3,9.1,7.9,68.4,101.1,21,61,2.9,0
16,DET,2023,18.0,20,30,44,359,2,2,4,9.0,7.5,68.2,89.1,22,89,4.0,0
0,TAM,2023,1.0,17,33,44,328,2,1,2,7.8,7.1,75.0,101.3,17,41,2.4,0
1,TAM,2023,2.0,17,16,29,169,1,2,6,7.3,4.8,55.2,55.1,16,67,4.2,1
2,TAM,2023,3.0,25,23,37,271,1,2,1,7.5,7.1,62.2,70.9,40,201,5.0,1
3,TAM,2023,4.0,9,24,39,127,0,1,3,3.6,3.0,61.5,56.3,19,70,3.7,0
4,TAM,2023,6.0,20,30,44,340,2,0,3,8.0,7.2,68.2,106.2,22,40,1.8,0
5,TAM,2023,7.0,16,19,25,245,0,0,1,10.0,9.4,76.0,106.2,38,156,4.1,1
6,TAM,2023,8.0,24,31,40,312,2,1,2,8.1,7.4,77.5,105.4,26,115,4.4,1
7,TAM,2023,9.0,39,30,42,443,5,0,3,11.2,9.8,71.4,145.1,17,53,3.1,0
8,TAM,2023,10.0,6,19,39,167,0,1,4,5.1,3.9,48.7,49.8,16,42,2.6,0
9,TAM,2023,11.0,27,21,25,305,3,0,4,13.3,10.5,84.0,157.1,30,115,3.8,0
10,TAM,2023,12.0,27,24,41,239,0,1,2,6.1,5.6,58.5,65.0,27,155,5.7,3
11,TAM,2023,13.0,18,15,31,149,0,1,4,5.7,4.3,48.4,49.0,34,133,3.9,2
12,TAM,2023,14.0,25,26,40,338,1,1,3,8.7,7.9,65.0,89.4,26,96,3.7,2
13,TAM,2023,15.0,20,29,39,261,2,0,2,7.3,6.4,74.4,109.0,17,60,3.5,0
14,TAM,2023,16.0,12,28,44,268,2,2,4,6.9,5.6,63.6,76.7,13,37,2.8,0
15,TAM,2023,17.0,23,25,34,202,2,0,1,6.1,5.8,73.5,107.7,35,108,3.1,0
16,TAM,2023,18.0,0,11,18,68,0,0,3,5.2,3.2,61.1,68.7,29,131,4.5,0
0,RAV,2023,1.0,9,28,44,196,0,0,5,5.5,4.0,63.6,73.7,23,72,3.1,0
1,RAV,2023,2.0,24,27,41,216,2,1,1,5.4,5.1,65.9,85.0,15,66,4.4,0
2,RAV,2023,3.0,22,27,44,188,1,0,5,5.2,3.8,61.4,78.6,35,139,4.0,0
3,RAV,2023,4.0,3,19,36,73,0,3,4,3.4,1.8,52.8,23.8,25,93,3.7,0
4,RAV,2023,5.0,17,18,32,202,1,0,3,7.0,5.8,56.3,85.7,30,87,2.9,0
5,RAV,2023,6.0,16,12,21,104,0,1,6,7.1,3.9,57.1,50.5,19,129,6.8,1
6,RAV,2023,7.0,6,33,53,253,0,1,5,5.4,4.4,62.3,66.0,14,84,6.0,1
7,RAV,2023,8.0,24,25,37,181,2,2,2,5.6,4.6,67.6,74.3,32,129,4.0,1
8,RAV,2023,9.0,3,13,28,123,0,1,4,5.6,3.8,46.4,44.2,15,28,1.9,0
9,RAV,2023,10.0,33,20,35,195,1,1,4,6.1,5.0,57.1,70.5,36,178,4.9,1
10,RAV,2023,11.0,20,19,31,136,2,0,5,5.5,3.8,61.3,92.9,23,136,5.9,0
11,RAV,2023,12.0,10,29,44,193,1,1,3,4.9,4.1,65.9,73.4,19,86,4.5,0
12,RAV,2023,14.0,31,23,41,282,3,0,2,7.2,6.6,56.1,101.9,30,128,4.3,0
13,RAV,2023,15.0,7,25,43,258,1,0,1,6.1,5.9,58.1,83.3,17,75,4.4,0
14,RAV,2023,16.0,19,26,46,308,1,5,4,7.3,6.2,56.5,44.7,18,121,6.7,1
15,RAV,2023,17.0,19,22,38,221,2,2,3,6.2,5.4,57.9,70.2,25,154,6.2,0
16,RAV,2023,18.0,17,18,20,134,1,0,3,7.6,5.8,90.0,111.2,39,155,4.0,1
0,JAX,2023,1.0,21,24,39,215,1,1,4,5.7,5.0,61.5,74.2,26,65,2.5,1
1,JAX,2023,2.0,17,29,41,298,2,1,1,7.4,7.1,70.7,97.4,22,101,4.6,0
2,JAX,2023,3.0,37,20,30,280,2,0,0,9.3,9.3,66.7,118.7,26,86,3.3,1
3,JAX,2023,4.0,7,19,31,160,1,2,4,6.2,4.6,61.3,58.5,22,127,5.8,0
4,JAX,2023,5.0,20,27,40,359,2,1,0,9.0,9.0,67.5,102.0,14,29,2.1,1
5,JAX,2023,6.0,20,33,55,310,1,3,3,6.0,5.3,60.0,58.9,17,44,2.6,1
6,JAX,2023,7.0,24,33,55,295,1,1,1,5.5,5.3,60.0,72.9,31,112,3.6,1
7,JAX,2023,8.0,10,25,43,191,1,2,3,4.9,4.2,58.1,57.4,18,70,3.9,0
8,JAX,2023,10.0,34,20,28,293,3,0,2,10.8,9.8,71.4,140.9,30,144,4.8,1
9,JAX,2023,11.0,14,13,17,143,2,0,2,9.3,7.5,76.5,140.1,19,92,4.8,0
10,JAX,2023,12.0,21,26,36,261,2,0,4,8.4,6.5,72.2,111.0,18,91,5.1,1
11,JAX,2023,13.0,34,33,39,335,1,1,2,8.9,8.2,84.6,100.3,31,156,5.0,3
12,JAX,2023,14.0,31,26,45,307,3,1,1,6.9,6.7,57.8,91.6,28,82,2.9,1
13,JAX,2023,15.0,23,14,24,145,1,1,3,7.1,5.4,58.3,72.4,42,251,6.0,1
14,JAX,2023,16.0,30,26,35,265,2,0,2,8.1,7.2,74.3,114.6,36,70,1.9,1
15,JAX,2023,17.0,0,19,32,67,0,1,6,3.5,1.8,59.4,51.0,15,57,3.8,0
16,JAX,2023,18.0,28,17,27,152,2,1,2,6.2,5.2,63.0,87.3,26,175,6.7,2
0,RAM,2023,1.0,13,16,26,95,1,0,2,4.3,3.4,61.5,81.4,18,85,4.7,0
1,RAM,2023,2.0,30,17,25,206,0,0,1,8.2,7.9,68.0,93.1,28,159,5.7,3
2,RAM,2023,3.0,19,26,49,242,0,1,2,5.3,4.7,53.1,58.4,23,67,2.9,1
3,RAM,2023,4.0,23,11,25,196,2,0,2,8.0,7.3,44.0,98.1,31,133,4.3,1
4,RAM,2023,5.0,23,25,38,295,1,1,1,8.0,7.6,65.8,87.1,39,159,4.1,1
5,RAM,2023,6.0,9,21,41,215,0,1,2,5.7,5.0,51.2,56.5,30,130,4.3,0
6,RAM,2023,7.0,24,17,25,214,0,0,2,9.2,7.9,68.0,94.4,29,86,3.0,3
7,RAM,2023,8.0,43,27,34,285,4,1,3,9.0,7.7,79.4,128.6,26,102,3.9,0
8,RAM,2023,9.0,20,20,26,207,1,0,4,8.8,6.9,76.9,112.2,38,184,4.8,1
9,RAM,2023,11.0,16,24,40,223,1,1,2,5.9,5.3,60.0,73.2,21,68,3.2,0
10,RAM,2023,12.0,14,27,45,219,1,0,4,5.7,4.5,60.0,79.8,15,73,4.9,1
11,RAM,2023,13.0,19,23,44,240,2,1,2,5.8,5.2,52.3,74.1,23,87,3.8,0
12,RAM,2023,14.0,37,24,43,310,3,1,2,7.3,6.9,55.8,92.2,26,139,5.3,0
13,RAM,2023,15.0,20,19,36,218,3,1,1,6.3,5.9,52.8,87.5,21,79,3.8,0
14,RAM,2023,16.0,22,27,40,304,3,1,2,8.0,7.2,67.5,104.6,16,35,2.2,0
15,RAM,2023,17.0,25,27,41,284,1,1,6,7.8,6.0,65.9,83.8,20,105,5.3,1
16,RAM,2023,18.0,20,16,26,175,1,0,3,7.3,6.0,61.5,94.2,29,125,4.3,2
0,CHI,2023,1.0,38,15,27,237,3,0,1,9.1,8.5,55.6,122.0,32,92,2.9,1
1,CHI,2023,2.0,27,26,34,317,1,0,0,9.3,9.3,76.5,114.5,34,120,3.5,1
2,CHI,2023,3.0,41,27,38,303,3,2,0,8.0,8.0,71.1,98.9,37,153,4.1,2
3,CHI,2023,4.0,31,21,28,214,3,0,1,8.0,7.4,75.0,132.1,19,97,5.1,0
4,CHI,2023,5.0,20,37,51,359,2,1,5,7.6,6.4,72.5,96.8,10,29,2.9,0
5,CHI,2023,6.0,19,21,31,174,1,0,2,5.8,5.3,67.7,92.7,22,46,2.1,0
6,CHI,2023,7.0,12,27,45,196,1,3,1,4.5,4.3,60.0,49.9,14,39,2.8,0
7,CHI,2023,8.0,30,31,40,298,3,0,0,7.5,7.5,77.5,122.7,25,54,2.2,0
8,CHI,2023,9.0,24,26,35,214,3,0,0,6.1,6.1,74.3,118.0,27,87,3.2,0
9,CHI,2023,10.0,13,21,38,170,0,0,3,4.9,4.1,55.3,66.8,16,43,2.7,0
10,CHI,2023,11.0,31,23,35,223,2,3,2,6.7,6.0,65.7,66.7,22,115,5.2,2
11,CHI,2023,12.0,10,22,32,169,1,4,2,5.8,5.0,68.8,52.2,17,73,4.3,0
12,CHI,2023,14.0,13,20,35,127,1,2,4,4.6,3.3,57.1,50.5,24,140,5.8,1
13,CHI,2023,15.0,20,29,45,348,2,3,4,8.4,7.1,64.4,75.0,18,29,1.6,0
14,CHI,2023,16.0,16,24,38,213,2,0,2,6.1,5.3,63.2,95.6,20,93,4.7,0
15,CHI,2023,17.0,17,13,33,173,1,4,2,5.5,4.9,39.4,27.3,24,134,5.6,1
16,CHI,2023,18.0,17,27,32,308,2,0,1,9.9,9.3,84.4,127.6,27,124,4.6,0
0,OTI,2023,1.0,16,23,33,282,1,1,4,9.2,7.6,69.7,93.2,27,69,2.6,0
1,OTI,2023,2.0,24,27,41,281,2,0,3,7.4,6.4,65.9,101.8,21,61,2.9,0
2,OTI,2023,3.0,27,27,33,263,2,0,3,8.8,7.3,81.8,120.1,31,78,2.5,1
3,OTI,2023,4.0,3,20,30,139,0,0,3,5.5,4.2,66.7,76.9,18,72,4.0,0
4,OTI,2023,5.0,23,20,26,236,0,0,1,9.7,8.7,76.9,104.0,34,193,5.7,2
5,OTI,2023,6.0,24,21,30,221,1,1,1,7.4,7.1,70.0,88.3,39,139,3.6,0
6,OTI,2023,8.0,23,20,34,202,1,0,6,7.2,5.1,58.8,85.7,26,140,5.4,1
7,OTI,2023,9.0,20,19,30,160,1,0,0,5.3,5.3,63.3,88.2,30,166,5.5,1
8,OTI,2023,10.0,20,18,29,263,2,1,3,9.6,8.2,62.1,100.2,29,77,2.7,0
9,OTI,2023,11.0,34,24,32,261,2,0,1,8.2,7.9,75.0,119.4,36,128,3.6,2
10,OTI,2023,12.0,10,18,31,162,0,0,4,6.3,4.6,58.1,72.2,32,96,3.0,1
11,OTI,2023,13.0,31,26,42,300,2,0,3,7.4,6.7,61.9,99.3,23,55,2.4,0
12,OTI,2023,14.0,27,23,33,208,0,0,5,7.3,5.5,69.7,86.4,31,158,5.1,2
13,OTI,2023,15.0,19,23,36,192,1,1,4,6.4,4.8,63.9,75.2,32,148,4.6,0
14,OTI,2023,16.0,20,25,36,215,2,0,3,6.3,5.5,69.4,103.4,20,58,2.9,0
15,OTI,2023,17.0,26,24,32,201,1,0,1,6.7,6.1,75.0,101.2,28,111,4.0,0
16,OTI,2023,18.0,20,29,43,280,2,2,0,6.5,6.5,67.4,81.5,23,82,3.6,0
0,CIN,2023,1.0,24,16,29,144,1,1,3,5.3,4.5,55.2,65.9,40,206,5.2,1
1,CIN,2023,2.0,27,24,33,237,2,0,0,7.2,7.2,72.7,112.8,37,178,4.8,1
2,CIN,2023,3.0,16,18,33,221,1,2,6,8.2,5.7,54.5,60.3,13,71,5.5,0
3,CIN,2023,4.0,27,19,26,227,2,1,3,9.3,7.8,73.1,109.0,33,173,5.2,1
4,CIN,2023,5.0,20,15,32,152,2,2,3,5.2,4.3,46.9,55.7,22,142,6.5,1
5,CIN,2023,6.0,13,27,41,297,0,2,4,8.0,6.6,65.9,66.8,25,87,3.5,1
6,CIN,2023,8.0,17,22,31,347,1,2,2,11.8,10.5,71.0,91.7,23,113,4.9,1
7,CIN,2023,9.0,18,26,38,249,1,1,1,6.8,6.4,68.4,84.2,16,68,4.3,1
8,CIN,2023,10.0,30,23,39,356,1,1,1,9.1,8.9,59.0,87.1,34,188,5.5,2
9,CIN,2023,11.0,34,16,26,248,2,0,3,10.2,8.6,61.5,118.7,31,157,5.1,2
10,CIN,2023,12.0,16,24,33,268,0,0,2,8.4,7.7,72.7,96.5,33,153,4.6,1
11,CIN,2023,13.0,31,31,39,305,2,0,4,8.2,7.1,79.5,116.3,25,71,2.8,2
12,CIN,2023,14.0,14,26,39,226,1,1,3,6.2,5.4,66.7,79.6,18,46,2.6,0
13,CIN,2023,15.0,24,26,34,281,2,2,3,8.9,7.6,76.5,95.3,30,143,4.8,1
14,CIN,2023,16.0,34,17,27,284,2,0,1,10.7,10.1,63.0,123.1,30,113,3.8,2
15,CIN,2023,17.0,25,21,29,241,1,0,2,8.4,7.8,72.4,108.5,22,132,6.0,0
16,CIN,2023,18.0,14,13,26,140,2,2,3,6.4,4.8,50.0,59.8,24,104,4.3,0
0,GNB,2023,1.0,20,24,37,189,1,1,4,5.8,4.6,64.9,75.2,29,122,4.2,1
1,GNB,2023,2.0,25,19,32,235,1,1,1,7.4,7.1,59.4,79.6,45,211,4.7,1
2,GNB,2023,3.0,17,23,34,175,1,0,4,6.0,4.6,67.6,89.7,22,77,3.5,0
3,GNB,2023,4.0,34,19,28,190,1,1,2,7.5,6.3,67.9,83.9,43,211,4.9,3
4,GNB,2023,5.0,17,22,31,183,1,1,4,6.7,5.2,71.0,83.1,29,96,3.3,1
5,GNB,2023,7.0,19,20,29,194,1,0,1,6.7,6.5,69.0,98.9,25,145,5.8,0
6,GNB,2023,8.0,24,26,35,284,2,0,3,8.5,7.5,74.3,116.8,31,62,2.0,1
7,GNB,2023,9.0,3,13,28,119,0,1,1,4.6,4.1,46.4,43.6,26,68,2.6,0
8,GNB,2023,10.0,23,14,23,119,0,0,1,5.5,5.0,60.9,74.4,36,205,5.7,2
9,GNB,2023,11.0,20,21,36,244,2,0,2,7.2,6.4,58.3,97.5,24,150,6.3,0
10,GNB,2023,12.0,22,29,44,324,2,0,3,7.5,6.9,65.9,102.8,31,140,4.5,1
11,GNB,2023,13.0,19,21,33,189,1,1,3,6.4,5.3,63.6,76.5,25,148,5.9,1
12,GNB,2023,14.0,24,17,21,158,1,0,0,7.5,7.5,81.0,113.9,34,209,6.1,2
13,GNB,2023,15.0,34,22,28,353,4,0,5,13.6,10.7,78.6,158.3,27,99,3.7,0
14,GNB,2023,16.0,30,23,36,298,2,0,2,8.7,7.8,63.9,108.3,25,96,3.8,2
15,GNB,2023,17.0,10,18,32,144,1,1,4,5.6,4.0,56.3,65.1,16,67,4.2,0
16,GNB,2023,18.0,9,11,16,117,0,0,5,9.3,5.6,68.8,89.8,25,75,3.0,0
0,NYJ,2023,1.0,16,29,41,217,1,3,5,5.8,4.7,70.7,60.7,22,97,4.4,0
1,NYJ,2023,2.0,30,31,38,248,2,0,1,6.7,6.4,81.6,111.4,44,134,3.0,0
2,NYJ,2023,3.0,15,15,29,201,1,0,0,6.9,6.9,51.7,85.6,40,157,3.9,0
3,NYJ,2023,4.0,23,18,30,197,1,2,1,6.8,6.4,60.0,62.8,35,204,5.8,1
4,NYJ,2023,5.0,21,20,31,169,2,0,4,6.3,4.8,64.5,100.1,22,139,6.3,0
5,NYJ,2023,6.0,14,28,45,268,1,3,2,6.2,5.7,62.2,58.4,22,80,3.6,1
6,NYJ,2023,8.0,10,6,14,-9,0,0,4,0.5,-0.5,42.9,50.3,52,203,3.9,1
7,NYJ,2023,9.0,27,16,30,107,0,0,5,4.5,3.1,53.3,61.4,21,84,4.0,2
8,NYJ,2023,10.0,16,16,27,126,1,1,3,5.7,4.2,59.3,67.8,32,148,4.6,0
9,NYJ,2023,11.0,32,20,32,263,3,1,1,8.6,8.0,62.5,106.6,38,130,3.4,0
10,NYJ,2023,12.0,34,21,30,228,1,2,2,8.1,7.1,70.0,75.4,37,167,4.5,2
11,NYJ,2023,13.0,13,12,27,104,1,0,3,4.5,3.5,44.4,67.5,34,90,2.6,0
12,NYJ,2023,14.0,6,11,28,54,0,0,5,3.4,1.6,39.3,47.3,19,81,4.3,1
13,NYJ,2023,15.0,30,23,26,213,1,0,3,8.8,7.3,88.5,113.6,28,77,2.8,2
14,NYJ,2023,16.0,28,16,35,143,1,2,1,4.5,4.0,45.7,42.9,22,102,4.6,3
15,NYJ,2023,17.0,37,19,29,301,3,1,1,10.7,10.0,65.5,120.0,28,127,4.5,1
16,NYJ,2023,18.0,3,12,30,31,0,2,7,2.9,0.8,40.0,20.1,21,88,4.2,0
0,HTX,2023,1.0,25,17,22,155,0,1,4,7.7,6.0,77.3,76.9,32,110,3.4,3
1,HTX,2023,2.0,31,25,33,227,1,0,0,6.9,6.9,75.8,104.0,23,126,5.5,3
2,HTX,2023,3.0,17,29,42,288,1,1,0,6.9,6.9,69.0,86.2,27,116,4.3,1
3,HTX,2023,4.0,6,18,28,111,0,1,3,4.7,3.6,64.3,57.3,25,114,4.6,0
4,HTX,2023,5.0,21,29,38,351,1,0,0,9.2,9.2,76.3,112.9,36,96,2.7,1
5,HTX,2023,6.0,13,33,51,341,1,1,2,7.0,6.4,64.7,82.2,25,89,3.6,0
6,HTX,2023,8.0,15,22,31,180,1,0,6,7.6,4.9,71.0,96.2,24,44,1.8,0
7,HTX,2023,9.0,37,21,30,251,2,0,2,8.8,7.8,70.0,117.5,31,81,2.6,2
8,HTX,2023,10.0,27,27,40,314,2,2,4,8.7,7.1,67.5,86.9,16,66,4.1,1
9,HTX,2023,11.0,16,20,30,196,1,1,3,7.1,5.9,66.7,82.1,25,123,4.9,1
10,HTX,2023,12.0,24,23,38,364,1,1,0,9.6,9.6,60.5,90.2,30,81,2.7,1
11,HTX,2023,13.0,17,15,26,164,1,3,3,7.2,5.7,57.7,49.7,30,118,3.9,1
12,HTX,2023,14.0,30,27,36,268,2,0,4,8.4,6.7,75.0,114.1,26,79,3.0,1
13,HTX,2023,15.0,16,17,26,138,0,1,7,7.7,4.2,65.4,62.7,30,66,2.2,1
14,HTX,2023,16.0,36,28,44,364,3,2,1,8.5,8.1,63.6,93.4,30,54,1.8,2
15,HTX,2023,17.0,3,18,26,134,0,0,6,7.1,4.2,69.2,81.2,21,53,2.5,0
16,HTX,2023,18.0,19,13,24,133,0,0,1,5.9,5.3,54.2,70.3,37,227,6.1,1
0,SDG,2023,1.0,36,28,45,466,3,1,0,10.4,10.4,62.2,110.0,20,70,3.5,1
1,SDG,2023,2.0,27,20,24,200,1,0,5,10.3,6.9,83.3,115.3,34,141,4.1,2
2,SDG,2023,3.0,24,32,50,345,3,1,4,7.3,6.4,64.0,95.8,24,130,5.4,0
3,SDG,2023,4.0,17,24,39,188,0,1,7,6.1,4.1,61.5,62.8,23,76,3.3,2
4,SDG,2023,6.0,20,21,30,246,1,0,5,9.1,7.0,70.0,105.7,26,96,3.7,1
5,SDG,2023,7.0,31,32,42,415,4,1,1,10.1,9.7,76.2,128.6,21,68,3.2,0
6,SDG,2023,8.0,13,25,37,222,0,2,1,6.3,5.8,67.6,60.9,25,73,2.9,2
7,SDG,2023,9.0,6,33,49,206,0,0,8,5.4,3.6,67.3,75.7,20,64,3.2,0
8,SDG,2023,10.0,41,23,33,333,2,0,0,10.1,10.1,69.7,122.4,31,200,6.5,3
9,SDG,2023,11.0,23,27,40,295,2,0,3,8.1,6.9,67.5,105.7,28,102,3.6,1
10,SDG,2023,12.0,20,18,32,164,1,0,2,5.5,4.8,56.3,80.7,35,197,5.6,1
11,SDG,2023,13.0,0,13,25,109,0,0,5,5.6,3.6,52.0,63.6,32,148,4.6,0
12,SDG,2023,14.0,24,21,33,216,2,1,2,6.8,6.2,63.6,90.0,31,106,3.4,1
13,SDG,2023,15.0,63,22,36,254,5,0,1,7.2,6.9,61.1,122.0,26,124,4.8,2
14,SDG,2023,16.0,24,15,21,230,1,1,1,11.3,10.5,71.4,103.3,30,105,3.5,2
15,SDG,2023,17.0,16,20,32,212,1,0,2,7.0,6.2,62.5,92.2,33,101,3.1,0
16,SDG,2023,18.0,13,15,30,145,0,1,1,5.1,4.7,50.0,50.0,28,123,4.4,0
0,MIN,2023,1.0,20,21,34,169,2,0,1,5.1,4.8,61.8,93.9,33,73,2.2,0
1,MIN,2023,2.0,34,18,23,171,1,1,4,8.4,6.3,78.3,94.0,48,259,5.4,3
2,MIN,2023,3.0,28,41,48,445,4,0,1,9.5,9.1,85.4,133.1,15,30,2.0,0
3,MIN,2023,4.0,13,25,32,149,0,0,5,6.4,4.0,78.1,86.1,31,83,2.7,0
4,MIN,2023,5.0,27,31,41,266,2,0,2,6.9,6.2,75.6,108.4,21,67,3.2,1
5,MIN,2023,6.0,13,16,24,113,0,2,5,5.9,3.9,66.7,42.5,36,162,4.5,1
6,MIN,2023,7.0,17,21,30,260,1,2,1,9.1,8.4,70.0,79.9,22,65,3.0,1
7,MIN,2023,8.0,10,24,41,196,1,1,4,5.6,4.4,58.5,68.8,17,74,4.4,0
8,MIN,2023,9.0,28,21,38,260,1,1,1,7.1,6.7,55.3,74.5,28,110,3.9,1
9,MIN,2023,10.0,19,26,43,215,2,2,3,5.4,4.7,60.5,69.4,15,65,4.3,0
10,MIN,2023,11.0,21,27,35,249,1,0,2,7.4,6.7,77.1,105.5,15,46,3.1,0
11,MIN,2023,12.0,12,27,37,199,0,0,3,5.9,5.0,73.0,85.3,28,118,4.2,0
12,MIN,2023,14.0,0,21,32,146,0,1,4,5.3,4.1,65.6,62.8,17,56,3.3,0
13,MIN,2023,15.0,27,29,42,298,2,1,5,7.7,6.3,69.0,95.1,22,80,3.6,1
14,MIN,2023,16.0,30,30,40,246,1,0,1,6.4,6.0,75.0,98.5,36,143,4.0,3
15,MIN,2023,17.0,33,25,34,293,3,0,0,8.6,8.6,73.5,128.7,39,177,4.5,1
16,MIN,2023,18.0,30,23,32,311,2,0,1,10.0,9.4,71.9,123.3,23,70,3.0,2
0,CLE,2023,1.0,3,14,32,67,0,0,2,2.6,2.0,43.8,51.0,20,75,3.8,0
1,CLE,2023,2.0,26,15,30,200,1,1,2,7.4,6.3,50.0,68.8,21,55,2.6,0
2,CLE,2023,3.0,3,13,25,68,0,0,5,4.2,2.3,52.0,57.9,15,26,1.7,0
3,CLE,2023,4.0,28,15,19,165,2,0,3,9.8,7.5,78.9,137.9,33,131,4.0,2
4,CLE,2023,6.0,17,12,27,107,1,1,3,4.6,3.6,44.4,52.5,25,108,4.3,1
5,CLE,2023,7.0,38,15,23,288,2,1,4,13.3,10.7,65.2,119.4,40,168,4.2,3
6,CLE,2023,8.0,24,23,37,248,2,2,1,6.9,6.5,62.2,77.3,17,114,6.7,1
7,CLE,2023,9.0,0,11,20,17,0,2,7,2.9,0.6,55.0,20.8,21,41,2.0,0
8,CLE,2023,10.0,31,13,23,200,1,2,3,9.7,7.7,56.5,63.7,24,106,4.4,2
9,CLE,2023,11.0,10,15,28,77,0,0,3,3.8,2.5,53.6,59.2,26,172,6.6,1
10,CLE,2023,12.0,29,13,22,125,1,0,1,6.1,5.4,59.1,90.2,39,169,4.3,2
11,CLE,2023,13.0,36,22,37,279,3,0,0,7.5,7.5,59.5,110.1,25,120,4.8,1
12,CLE,2023,14.0,27,28,50,235,3,3,4,5.1,4.4,56.0,63.3,20,58,2.9,1
13,CLE,2023,15.0,17,19,40,148,1,2,3,4.2,3.4,47.5,44.6,27,88,3.3,0
14,CLE,2023,16.0,22,26,49,178,2,2,3,4.3,3.4,53.1,58.0,16,72,4.5,0
15,CLE,2023,17.0,20,32,45,253,1,1,2,5.8,5.4,71.1,82.9,21,107,5.1,0
16,CLE,2023,18.0,31,21,28,145,3,1,3,6.3,4.7,75.0,107.0,30,183,6.1,1
0,RAI,2023,1.0,16,27,34,166,2,0,2,5.2,4.6,79.4,106.6,22,94,4.3,0
1,RAI,2023,2.0,38,31,37,267,3,0,2,7.4,6.8,83.8,123.8,35,183,5.2,2
2,RAI,2023,3.0,23,16,28,228,2,0,1,8.4,7.9,57.1,107.4,31,105,3.4,0
3,RAI,2023,4.0,24,13,24,150,1,1,2,7.0,5.8,54.2,69.8,37,155,4.2,2
4,RAI,2023,5.0,13,16,30,175,0,3,2,6.1,5.5,53.3,31.2,25,110,4.4,1
5,RAI,2023,6.0,17,24,33,176,0,1,4,6.1,4.8,72.7,72.3,19,83,4.4,2
6,RAI,2023,7.0,30,21,29,150,1,0,2,5.6,4.8,72.4,95.5,38,173,4.6,2
7,RAI,2023,8.0,26,26,37,264,1,1,1,7.4,6.9,70.3,88.1,43,222,5.2,1
8,RAI,2023,9.0,6,19,29,154,1,2,8,6.9,4.2,65.5,61.6,25,123,4.9,0
9,RAI,2023,10.0,12,23,40,257,0,1,2,6.6,6.1,57.5,66.4,21,108,5.1,0
10,RAI,2023,11.0,20,28,39,323,2,1,1,8.3,8.1,71.8,102.8,28,99,3.5,0
11,RAI,2023,12.0,31,27,34,291,2,0,1,8.8,8.3,79.4,121.9,23,69,3.0,2
12,RAI,2023,14.0,3,19,36,99,0,0,5,4.1,2.4,52.8,58.6,30,132,4.4,0
13,RAI,2023,15.0,21,23,32,234,3,1,3,8.0,6.7,71.9,110.7,28,92,3.3,0
14,RAI,2023,16.0,14,28,45,223,1,1,4,5.5,4.6,62.2,72.7,25,85,3.4,1
15,RAI,2023,17.0,23,15,23,215,1,0,1,9.7,9.0,65.2,109.9,29,134,4.6,1
16,RAI,2023,18.0,14,20,34,238,1,1,5,8.0,6.1,58.8,77.8,20,48,2.4,1
0,NYG,2023,1.0,40,13,25,143,0,0,0,5.7,5.7,52.0,69.2,30,122,4.1,3
1,NYG,2023,2.0,28,21,31,228,1,0,0,7.4,7.4,67.7,99.9,29,151,5.2,2
2,NYG,2023,3.0,30,25,37,300,2,0,2,8.4,7.7,67.6,110.2,39,141,3.6,1
3,NYG,2023,4.0,24,15,26,160,1,0,2,6.7,5.7,57.7,88.6,23,121,5.3,1
4,NYG,2023,5.0,31,22,30,302,2,2,1,10.3,9.7,73.3,99.6,23,222,9.7,2
5,NYG,2023,6.0,14,19,30,169,2,1,0,5.6,5.6,63.3,86.7,29,128,4.4,0
6,NYG,2023,7.0,7,22,42,197,0,1,6,5.9,4.1,52.4,55.4,19,76,4.0,1
7,NYG,2023,8.0,13,17,36,193,1,0,4,6.7,4.8,47.2,73.0,22,58,2.6,0
8,NYG,2023,9.0,30,16,25,209,0,0,0,8.4,8.4,64.0,90.2,34,125,3.7,3
9,NYG,2023,10.0,49,33,44,472,4,2,0,10.7,10.7,75.0,120.6,33,168,5.1,3
10,NYG,2023,11.0,19,31,45,230,1,3,4,5.7,4.7,68.9,60.4,28,174,6.2,1
11,NYG,2023,12.0,7,21,35,136,0,3,2,4.1,3.7,60.0,32.6,31,147,4.7,1
12,NYG,2023,14.0,22,25,39,203,1,1,2,5.6,5.0,64.1,75.1,25,123,4.9,1
13,NYG,2023,15.0,24,23,29,209,3,0,1,7.5,7.0,79.3,131.2,28,87,3.1,0
14,NYG,2023,16.0,33,24,38,295,1,1,1,7.9,7.6,63.2,84.9,35,170,4.9,2
15,NYG,2023,17.0,26,24,34,286,1,2,4,9.3,7.5,70.6,81.2,23,105,4.6,3
16,NYG,2023,18.0,10,20,36,166,1,2,5,5.6,4.0,55.6,53.7,24,133,5.5,0
0,ATL,2023,1.0,10,20,38,127,1,2,2,3.8,3.2,52.6,46.7,32,154,4.8,0
1,ATL,2023,2.0,24,14,25,140,3,0,1,6.0,5.4,56.0,111.7,21,84,4.0,0
2,ATL,2023,3.0,20,22,33,243,1,1,0,7.4,7.4,66.7,85.8,31,115,3.7,1
3,ATL,2023,4.0,23,23,30,195,1,0,2,6.9,6.1,76.7,104.2,32,105,3.3,0
4,ATL,2023,5.0,19,20,35,249,1,0,0,7.1,7.1,57.1,88.9,23,64,2.8,0
5,ATL,2023,6.0,24,14,23,121,3,0,5,6.6,4.3,60.9,114.3,22,72,3.3,0
6,ATL,2023,7.0,13,27,42,256,1,1,3,6.5,5.7,64.3,79.1,20,73,3.7,0
7,ATL,2023,8.0,28,19,29,226,4,0,2,8.2,7.3,65.5,128.7,36,149,4.1,0
8,ATL,2023,9.0,31,25,36,217,2,0,4,6.6,5.4,69.4,103.6,33,146,4.4,1
9,ATL,2023,10.0,25,19,32,230,0,1,2,7.8,6.8,59.4,68.5,26,122,4.7,2
10,ATL,2023,12.0,15,24,38,296,0,1,1,8.0,7.6,63.2,76.2,28,148,5.3,0
11,ATL,2023,13.0,8,19,38,197,0,1,4,5.6,4.7,50.0,54.4,25,62,2.5,0
12,ATL,2023,14.0,29,14,29,142,2,0,1,5.0,4.7,48.3,85.7,37,148,4.0,1
13,ATL,2023,15.0,9,18,24,154,0,0,3,7.0,5.7,75.0,91.3,36,129,3.6,0
14,ATL,2023,16.0,10,20,37,170,0,1,6,5.4,4.0,54.1,55.0,25,92,3.7,1
15,ATL,2023,17.0,37,20,32,240,1,0,3,8.4,6.9,62.5,95.8,37,192,5.2,3
16,ATL,2023,18.0,48,22,28,246,4,0,3,9.4,7.9,78.6,142.9,35,154,4.4,2
0,SEA,2023,1.0,30,24,38,334,0,0,0,8.8,8.8,63.2,91.3,40,92,2.3,3
1,SEA,2023,2.0,31,28,35,316,3,1,2,9.2,8.5,80.0,121.0,27,102,3.8,1
2,SEA,2023,3.0,27,34,58,334,2,0,3,6.2,5.5,58.6,86.4,14,44,3.1,1
3,SEA,2023,4.0,3,27,34,136,0,2,11,6.0,3.0,79.4,58.8,29,112,3.9,0
4,SEA,2023,6.0,17,24,35,168,2,1,3,5.3,4.4,68.6,86.4,15,46,3.1,0
5,SEA,2023,7.0,10,20,34,122,0,0,4,4.4,3.2,58.8,66.1,25,127,5.1,1
6,SEA,2023,8.0,20,16,32,230,1,2,3,8.0,6.6,50.0,58.1,40,155,3.9,1
7,SEA,2023,9.0,37,26,33,217,1,0,1,6.8,6.4,78.8,104.2,41,298,7.3,3
8,SEA,2023,10.0,26,29,44,288,3,0,3,7.1,6.1,65.9,107.0,14,68,4.9,0
9,SEA,2023,11.0,17,17,31,185,1,1,1,6.1,5.8,54.8,70.0,27,82,3.0,1
10,SEA,2023,12.0,31,21,31,208,1,1,1,6.7,6.5,67.7,83.8,33,169,5.1,3
11,SEA,2023,13.0,41,29,41,275,3,0,4,7.3,6.1,70.7,113.4,34,136,4.0,1
12,SEA,2023,14.0,28,19,27,354,2,1,3,13.6,11.8,70.4,122.1,23,173,7.5,2
13,SEA,2023,15.0,17,17,31,143,0,2,0,4.6,4.6,54.8,40.1,38,178,4.7,2
14,SEA,2023,16.0,17,19,27,125,1,0,6,6.1,3.8,70.4,92.4,31,162,5.2,1
15,SEA,2023,17.0,30,18,24,266,0,0,1,11.4,10.6,75.0,110.8,46,202,4.4,3
16,SEA,2023,18.0,20,22,30,260,1,0,1,8.7,8.4,73.3,110.4,38,206,5.4,1
0,NOR,2023,1.0,15,16,34,181,0,3,3,5.8,4.9,47.1,26.7,22,104,4.7,0
1,NOR,2023,2.0,17,22,33,139,1,0,4,4.6,3.8,66.7,85.3,19,100,5.3,0
2,NOR,2023,3.0,18,22,44,245,1,1,1,5.9,5.4,50.0,65.1,26,95,3.7,1
3,NOR,2023,4.0,26,25,33,239,3,1,1,7.5,7.0,75.8,113.1,33,114,3.5,0
4,NOR,2023,5.0,0,15,31,111,0,2,2,4.3,3.4,48.4,30.4,18,45,2.5,0
5,NOR,2023,6.0,20,13,27,177,2,1,2,7.4,6.1,48.1,78.8,31,120,3.9,0
6,NOR,2023,7.0,31,21,30,217,1,0,0,7.2,7.2,70.0,101.7,26,113,4.3,2
7,NOR,2023,8.0,27,23,41,207,2,1,2,5.2,4.8,56.1,76.0,24,164,6.8,1
8,NOR,2023,9.0,17,18,30,212,2,3,2,7.3,6.6,60.0,64.2,32,156,4.9,0
9,NOR,2023,10.0,27,23,34,263,1,0,1,7.9,7.5,67.6,100.5,33,125,3.8,2
10,NOR,2023,12.0,24,13,21,168,1,2,0,8.0,8.0,61.9,63.3,41,228,5.6,1
11,NOR,2023,13.0,33,16,25,205,2,0,1,8.5,7.9,64.0,116.2,30,142,4.7,2
12,NOR,2023,14.0,6,13,36,99,0,0,4,3.8,2.5,36.1,44.7,39,204,5.2,0
13,NOR,2023,15.0,6,22,38,133,0,0,7,5.0,3.0,57.9,64.9,16,60,3.8,0
14,NOR,2023,16.0,30,24,34,325,2,0,1,9.6,9.3,70.6,120.3,32,133,4.2,1
15,NOR,2023,17.0,13,22,33,292,2,2,2,9.4,8.3,66.7,89.5,15,57,3.8,0
16,NOR,2023,18.0,17,25,34,311,2,2,1,9.4,8.9,73.5,96.6,25,78,3.1,0
0,CRD,2023,1.0,20,19,31,156,1,1,6,6.5,4.2,61.3,71.4,28,92,3.3,1
1,CRD,2023,2.0,31,26,37,312,2,1,3,8.7,7.8,70.3,102.5,27,127,4.7,2
2,CRD,2023,3.0,16,25,40,231,1,1,2,6.2,5.5,62.5,76.1,33,185,5.6,0
3,CRD,2023,4.0,35,20,21,271,1,0,1,13.5,12.3,95.2,134.6,31,124,4.0,4
4,CRD,2023,5.0,34,36,46,287,3,1,3,6.9,5.9,78.3,105.3,30,93,3.1,0
5,CRD,2023,6.0,26,15,24,203,1,0,3,9.4,7.5,62.5,103.3,28,179,6.4,1
6,CRD,2023,7.0,20,18,24,203,2,1,2,9.1,7.8,75.0,110.2,32,115,3.6,0
7,CRD,2023,8.0,31,18,27,138,1,0,4,5.8,4.5,66.7,91.3,29,130,4.5,3
8,CRD,2023,9.0,27,19,30,213,2,0,1,7.3,6.9,63.3,106.7,40,113,2.8,1
9,CRD,2023,10.0,23,12,21,70,1,0,3,4.5,2.9,57.1,79.5,41,184,4.5,2
10,CRD,2023,11.0,21,28,38,308,2,3,4,8.9,7.3,73.7,81.9,25,111,4.4,1
11,CRD,2023,12.0,37,25,33,229,4,1,0,6.9,6.9,75.8,121.1,33,228,6.9,1
12,CRD,2023,13.0,10,18,27,187,1,0,0,6.9,6.9,66.7,98.8,31,130,4.2,0
13,CRD,2023,15.0,45,18,28,262,4,0,0,9.4,9.4,64.3,134.2,26,144,5.5,1
14,CRD,2023,16.0,27,15,27,170,1,1,1,6.3,6.1,55.6,71.5,39,250,6.4,2
15,CRD,2023,17.0,31,19,24,184,3,1,0,7.7,7.7,79.2,120.8,23,91,4.0,0
16,CRD,2023,18.0,21,16,28,189,2,0,0,6.8,6.8,57.1,101.6,25,138,5.5,0
0,NWE,2023,1.0,25,22,33,154,1,0,3,5.2,4.3,66.7,87.2,25,97,3.9,0
1,NWE,2023,2.0,24,21,30,244,1,1,1,8.3,7.9,70.0,91.5,30,145,4.8,2
2,NWE,2023,3.0,10,18,36,133,0,0,3,4.4,3.4,50.0,59.1,22,38,1.7,1
3,NWE,2023,4.0,38,30,36,253,1,0,3,7.8,6.5,83.3,105.2,30,124,4.1,1
4,NWE,2023,5.0,34,18,26,168,2,0,2,7.0,6.0,69.2,112.3,42,136,3.2,1
5,NWE,2023,6.0,21,20,32,264,1,1,0,8.3,8.3,62.5,85.9,33,84,2.5,0
6,NWE,2023,7.0,25,27,41,258,2,1,1,6.5,6.1,65.9,89.3,24,81,3.4,1
7,NWE,2023,8.0,31,30,45,312,3,1,2,7.2,6.6,66.7,99.5,26,78,3.0,1
8,NWE,2023,9.0,20,29,45,308,1,1,3,7.2,6.4,64.4,82.5,29,124,4.3,1
9,NWE,2023,10.0,10,18,28,194,0,1,0,6.9,6.9,64.3,69.6,26,70,2.7,1
10,NWE,2023,12.0,10,17,25,162,1,0,6,7.6,5.2,68.0,99.1,19,58,3.1,0
11,NWE,2023,13.0,6,22,37,212,0,0,0,5.7,5.7,59.5,75.5,24,29,1.2,0
12,NWE,2023,14.0,18,22,36,182,1,1,2,5.3,4.8,61.1,71.8,28,82,2.9,1
13,NWE,2023,15.0,27,28,38,283,3,2,3,8.1,6.9,73.7,98.9,20,43,2.2,0
14,NWE,2023,16.0,23,25,37,193,2,0,5,6.4,4.6,67.6,98.1,23,83,3.6,1
15,NWE,2023,17.0,27,15,30,154,0,1,1,5.6,5.0,50.0,51.3,37,127,3.4,2
16,NWE,2023,18.0,17,8,20,69,0,0,1,3.5,3.3,40.0,49.8,42,185,4.4,1
0,PIT,2023,1.0,30,19,29,203,2,0,3,7.6,6.3,65.5,108.8,34,188,5.5,1
1,PIT,2023,2.0,22,22,40,210,1,1,6,5.9,4.6,55.0,67.7,35,198,5.7,1
2,PIT,2023,3.0,18,28,44,293,2,3,4,7.4,6.1,63.6,69.6,19,69,3.6,0
3,PIT,2023,4.0,30,17,31,312,3,0,0,10.1,10.1,54.8,122.0,38,139,3.7,0
4,PIT,2023,5.0,10,22,38,210,0,1,4,6.2,5.0,57.9,62.4,25,125,5.0,1
5,PIT,2023,7.0,17,14,29,219,1,1,2,8.0,7.1,48.3,70.9,31,135,4.4,1
6,PIT,2023,8.0,20,24,32,271,1,1,3,9.1,7.7,75.0,97.3,30,106,3.5,0
7,PIT,2023,9.0,16,22,39,235,0,1,4,6.7,5.5,56.4,63.5,25,105,4.2,1
8,PIT,2023,10.0,19,21,40,283,2,2,1,7.2,6.9,52.5,71.1,24,116,4.8,0
9,PIT,2023,11.0,13,24,43,163,0,1,1,3.8,3.7,55.8,54.7,29,96,3.3,1
10,PIT,2023,12.0,10,19,26,197,1,1,4,8.7,6.6,73.1,91.3,11,25,2.3,0
11,PIT,2023,13.0,24,13,23,132,1,0,2,6.3,5.3,56.5,87.6,38,150,3.9,2
12,PIT,2023,14.0,21,19,28,222,3,1,2,8.6,7.4,67.9,112.5,25,81,3.2,0
13,PIT,2023,15.0,30,18,28,202,3,0,3,7.7,6.5,64.3,121.4,34,170,5.0,0
14,PIT,2023,16.0,11,28,42,309,1,3,3,8.0,6.9,66.7,66.5,16,59,3.7,0
15,PIT,2023,17.0,23,23,33,281,1,0,1,8.8,8.3,69.7,105.7,15,88,5.9,1
16,PIT,2023,18.0,10,15,28,118,1,0,4,5.2,3.7,53.6,76.2,25,106,4.2,0
0,CLT,2023,1.0,31,24,32,237,2,1,2,7.5,7.0,75.0,103.3,35,105,3.0,2
1,CLT,2023,2.0,20,30,47,337,2,0,6,8.2,6.4,63.8,99.3,26,52,2.0,0
2,CLT,2023,3.0,19,22,31,178,0,0,4,6.5,5.1,71.0,85.1,37,186,5.0,2
3,CLT,2023,4.0,29,27,40,303,1,1,2,8.0,7.2,67.5,87.8,36,164,4.6,2
4,CLT,2023,5.0,16,23,35,259,0,1,1,7.5,7.2,65.7,75.8,22,89,4.0,1
5,CLT,2023,6.0,37,20,30,148,2,1,3,6.0,4.5,66.7,86.5,29,85,2.9,2
6,CLT,2023,7.0,39,16,37,166,0,2,2,4.9,4.3,43.2,34.3,33,150,4.5,3
7,CLT,2023,8.0,38,20,29,350,2,0,1,12.2,11.7,69.0,132.8,36,161,4.5,3
8,CLT,2023,9.0,13,24,39,137,1,3,4,4.4,3.2,61.5,44.5,28,138,4.9,0
9,CLT,2023,10.0,6,18,27,173,0,2,5,7.2,5.4,66.7,53.5,36,167,4.6,0
10,CLT,2023,12.0,20,20,31,173,2,1,6,6.4,4.7,64.5,87.2,19,125,6.6,0
11,CLT,2023,13.0,28,16,33,204,1,0,6,6.8,5.2,48.5,78.3,42,177,4.2,2
12,CLT,2023,14.0,34,19,25,274,2,1,0,11.0,11.0,76.0,121.1,32,111,3.5,2
13,CLT,2023,15.0,13,18,26,142,1,2,4,6.6,4.7,69.2,63.3,24,74,3.1,1
14,CLT,2023,16.0,29,23,33,229,1,0,1,6.9,6.7,69.7,99.2,30,177,5.9,1
15,CLT,2023,17.0,20,30,47,286,2,0,2,6.4,5.8,63.8,94.8,25,84,3.4,0
16,CLT,2023,18.0,23,20,26,246,2,0,2,10.2,8.8,76.9,131.2,28,60,2.1,1
0,WAS,2023,1.0,16,21,30,114,0,0,3,4.4,3.5,70.0,76.2,25,96,3.8,0
1,WAS,2023,2.0,33,18,32,277,3,1,7,9.6,7.1,56.3,103.3,23,122,5.3,1
2,WAS,2023,3.0,37,20,32,218,1,1,0,6.8,6.8,62.5,79.9,33,168,5.1,2
3,WAS,2023,4.0,34,25,37,311,2,0,3,8.6,7.8,67.6,111.4,27,104,3.9,1
4,WAS,2023,5.0,40,15,29,273,4,0,3,9.7,8.5,51.7,124.0,32,178,5.6,0
5,WAS,2023,6.0,16,28,47,296,2,3,3,6.5,5.9,59.6,65.6,29,106,3.7,0
6,WAS,2023,7.0,14,18,29,250,2,0,4,9.6,7.6,62.1,112.7,32,106,3.3,0
7,WAS,2023,8.0,38,29,38,315,4,0,2,8.4,7.9,76.3,135.3,22,59,2.7,1
8,WAS,2023,9.0,17,24,44,220,1,1,0,5.0,5.0,54.5,66.5,19,107,5.6,1
9,WAS,2023,10.0,29,31,47,369,2,0,1,7.9,7.7,66.0,103.9,26,120,4.6,0
10,WAS,2023,11.0,31,18,26,201,3,0,9,9.5,5.7,69.2,130.4,19,91,4.8,0
11,WAS,2023,12.0,45,22,32,331,4,0,0,10.3,10.3,68.8,142.1,18,100,5.6,1
12,WAS,2023,13.0,45,19,25,283,2,0,0,11.3,11.3,76.0,139.2,34,123,3.6,3
13,WAS,2023,15.0,28,25,33,249,2,0,3,7.8,6.9,75.8,116.9,37,196,5.3,1
14,WAS,2023,16.0,30,27,49,217,1,1,0,4.4,4.4,55.1,64.8,36,164,4.6,2
15,WAS,2023,17.0,27,22,28,224,2,0,1,8.2,7.7,78.6,123.8,39,184,4.7,1
16,WAS,2023,18.0,38,34,40,309,4,1,0,7.7,7.7,85.0,121.8,29,131,4.5,1
0,DEN,2023,1.0,17,20,26,200,2,1,0,7.7,7.7,76.9,107.9,29,61,2.1,0
1,DEN,2023,2.0,35,27,39,266,2,0,4,7.7,6.2,69.2,105.3,23,122,5.3,2
2,DEN,2023,3.0,70,25,28,376,5,0,0,13.4,13.4,89.3,158.3,43,350,8.1,5
3,DEN,2023,4.0,28,28,35,300,4,1,4,9.6,7.7,80.0,128.6,31,171,5.5,0
4,DEN,2023,5.0,31,19,26,173,0,1,4,7.7,5.8,73.1,74.7,32,234,7.3,1
5,DEN,2023,6.0,19,30,41,293,1,1,2,7.5,6.8,73.2,90.8,27,96,3.6,0
6,DEN,2023,7.0,17,22,32,194,2,1,0,6.1,6.1,68.8,92.4,29,137,4.7,0
7,DEN,2023,8.0,9,24,38,212,0,2,3,6.3,5.2,63.2,56.0,16,62,3.9,0
8,DEN,2023,10.0,22,15,26,177,1,2,0,6.8,6.8,57.7,59.3,26,192,7.4,2
9,DEN,2023,11.0,20,20,32,210,1,1,2,6.9,6.2,62.5,78.9,36,175,4.9,1
10,DEN,2023,12.0,12,20,42,162,1,0,4,4.5,3.5,47.6,65.8,24,107,4.5,0
11,DEN,2023,13.0,22,17,28,264,1,0,5,10.4,8.0,60.7,103.9,30,89,3.0,1
12,DEN,2023,14.0,7,22,42,207,0,1,6,6.5,4.3,52.4,56.3,19,76,4.0,1
13,DEN,2023,15.0,42,24,34,263,5,0,2,8.2,7.3,70.6,132.7,28,185,6.6,1
14,DEN,2023,16.0,26,25,33,230,2,0,2,7.8,6.6,75.8,114.5,21,59,2.8,0
15,DEN,2023,17.0,9,24,38,215,0,0,1,5.8,5.5,63.2,78.3,24,86,3.6,0
16,DEN,2023,18.0,27,20,32,230,2,0,3,7.6,6.6,62.5,104.9,31,129,4.2,1
